CODIGO,DISTRITO,DEPARTAMENTO,MUNICIPIO,ESTABLECIMIENTO,DIRECCION,TELEFONO,SUPERVISOR,DIRECTOR,NIVEL,SECTOR,AREA,STATUS,MODALIDAD,JORNADA,PLAN,DEPARTAMENTAL
22-01-0008-45,22-014,JUTIAPA,JUTIAPA,INEB CON ORIENTACION OCUPACIONAL LIC. MARIO E. NAJERA FARFAN,"COMPLEJO EDUCATIVO, BARRIO EL CONDOR",78441126,MARCO TULIO CASTILLO MELGAR,LINDA EVELIN ESPINOZA RECINOS,BASICO,OFICIAL,URBANA,ABIERTA,MONOLINGUE,MATUTINA,DIARIO(REGULAR),JUTIAPA
22-01-0010-45,22-003,JUTIAPA,JUTIAPA,COLEGIO EVANGELICO VIDA NUEVA,ENTRADA AL COMPLEJO EDUCATIVO 0-16 BARRIO EL CONDOR ZONA 3,78441907,REMBERTO RECINOS SARCEÑO,ESLY OLIMPIA VEGA CANÚZ,BASICO,PRIVADO,URBANA,ABIERTA,MONOLINGUE,VESPERTINA,DIARIO(REGULAR),JUTIAPA
22-01-0013-45,22-001,JUTIAPA,JUTIAPA,IPMB LICEO JUTIAPA,4A. CALLE 1-53 ZONA 1,78441008,CECILIA ISABEL ALDECOA CASASOLA DE CASTRO,ALVARO CISNEROS QUIÑONEZ,BASICO,PRIVADO,URBANA,ABIERTA,MONOLINGUE,MATUTINA,DIARIO(REGULAR),JUTIAPA
22-01-0016-45,22-001,JUTIAPA,JUTIAPA,IPMB COLEGIO SAN MIGUEL,2A. CALLE 5-98 ZONA 3,77270508,CECILIA ISABEL ALDECOA CASASOLA DE CASTRO,GREDY ESQUIVEL VALDEZ,BASICO,PRIVADO,URBANA,ABIERTA,MONOLINGUE,MATUTINA,DIARIO(REGULAR),JUTIAPA
22-01-0017-45,22-003,JUTIAPA,JUTIAPA,COLEGIO TECNICO PROFESIONAL SAN CRISTOBAL,7A. CALLE 5-30 ZONA 1,78441530,REMBERTO RECINOS SARCEÑO,DELMY ASTRID MÉNDEZ POLANCO,BASICO,PRIVADO,URBANA,ABIERTA,MONOLINGUE,VESPERTINA,DIARIO(REGULAR),JUTIAPA
22-01-0128-45,22-001,JUTIAPA,JUTIAPA,INSTITUTO TECNOLOGICO BILINGUE,9A. AVE. 7-59 ZONA 1,78442193,CECILIA ISABEL ALDECOA CASASOLA DE CASTRO,OSIEL DIONICIO VIVAR,BASICO,PRIVADO,URBANA,ABIERTA,MONOLINGUE,MATUTINA,DIARIO(REGULAR),JUTIAPA
22-01-0134-45,22-001,JUTIAPA,JUTIAPA,"""LICEO CREZCO APRENDIENDO""",7A. CALLE 5-35 ZONA 3,30670640,CECILIA ISABEL ALDECOA CASASOLA DE CASTRO,SABRINA MARISOL FLORES GUDIEL,BASICO,PRIVADO,URBANA,ABIERTA,MONOLINGUE,MATUTINA,DIARIO(REGULAR),JUTIAPA
22-01-0223-45,22-001,JUTIAPA,JUTIAPA,"COLEGIO PARTICULAR MIXTO INTEGRAL ""EVOLUCION""",7A. CALLE 8A. AVENIDA 7-49 ZONA 3 BARRIO EL CHAPARRON,57313172,CECILIA ISABEL ALDECOA CASASOLA DE CASTRO,MIGUEL ANGEL MARTINEZ DE LA VEGA,BASICO,PRIVADO,URBANA,ABIERTA,MONOLINGUE,DOBLE,FIN DE SEMANA,JUTIAPA
22-01-0225-45,22-014,JUTIAPA,JUTIAPA,INEB,"CALLE ""LIC. MARIO DANIEL CASTRO SALGUERO"", COMPLEJO EDUCATIVO",56252792,MARCO TULIO CASTILLO MELGAR,OLGA MARINA GONZALEZ SARCEÑO,BASICO,OFICIAL,URBANA,ABIERTA,MONOLINGUE,VESPERTINA,DIARIO(REGULAR),JUTIAPA
22-01-0226-45,22-005,JUTIAPA,JUTIAPA,INEB DE TELESECUNDARIA,CASERIO LA PERLA MARIA MONTAÑAS,57570244,EDGAR ARNULFO GONZALEZ GUDIEL,FRANCISCO RIVERA MATOM,BASICO,OFICIAL,RURAL,ABIERTA,MONOLINGUE,VESPERTINA,DIARIO(REGULAR),JUTIAPA
22-01-0227-45,22-014,JUTIAPA,JUTIAPA,INEB DE TELESECUNDARIA,ALDEA CHICO HILARIO,50079120,MARCO TULIO CASTILLO MELGAR,JULIA VERÓNICA FIGUEROA REYES,BASICO,OFICIAL,RURAL,ABIERTA,MONOLINGUE,VESPERTINA,DIARIO(REGULAR),JUTIAPA
22-01-0228-45,22-005,JUTIAPA,JUTIAPA,INEB,ALDEA CERRO COLORADO,,EDGAR ARNULFO GONZALEZ GUDIEL,NOE ERUBEY MÉNDEZ NAVARRO,BASICO,OFICIAL,RURAL,ABIERTA,MONOLINGUE,VESPERTINA,DIARIO(REGULAR),JUTIAPA
22-01-0260-45,22-001,JUTIAPA,JUTIAPA,COLEGIO PARTICULAR MIXTO EL PILAR,5TA. CALLE 5-09 ZONA 1,78446397,CECILIA ISABEL ALDECOA CASASOLA DE CASTRO,CELESTE ANGELICA JUÁREZ MARTÍNEZ,BASICO,PRIVADO,URBANA,ABIERTA,MONOLINGUE,MATUTINA,DIARIO(REGULAR),JUTIAPA
22-01-0279-45,22-037,JUTIAPA,JUTIAPA,"COLEGIO PARA TRABAJADORES ""PROF. CARLOS ARMANDO CAMBARA GARCIA""",ENTRADA AL COMPLEJO EDUCATIVO 0-16 ZONA 3,58251449,SANDRA NINNETH BONILLA ARCHILA,SANDRA DAMIRA LÓPEZ RAMÍREZ,BASICO,PRIVADO,URBANA,ABIERTA,MONOLINGUE,DOBLE,FIN DE SEMANA,JUTIAPA
22-01-0281-45,22-005,JUTIAPA,JUTIAPA,INEB TELESECUNDARIA,CASERIO EL RINCONCITO CANTON RIO DE LA VIRGEN,45772974,EDGAR ARNULFO GONZALEZ GUDIEL,RONALD FRANCISCO GIRÓN RAMÍREZ,BASICO,OFICIAL,RURAL,ABIERTA,MONOLINGUE,MATUTINA,DIARIO(REGULAR),JUTIAPA
22-01-0296-45,22-008,JUTIAPA,JUTIAPA,INEB DE TELESECUNDARIA,ALDEA JICARO GRANDE,58795320,EMMANUEL MONZON HERRERA,MILDRED YESSENIA MARTÍNEZ CORADO,BASICO,OFICIAL,RURAL,ABIERTA,MONOLINGUE,VESPERTINA,DIARIO(REGULAR),JUTIAPA
22-01-0303-45,22-003,JUTIAPA,JUTIAPA,COLEGIO NUEVOS HORIZONTES,"CASERÍO VILLA HERMOSA, CANTÓN POTRERO GRANDE",33014043,REMBERTO RECINOS SARCEÑO,ESTRELLITA NORICELDA RAMÍREZ CABRERA,BASICO,PRIVADO,RURAL,ABIERTA,MONOLINGUE,VESPERTINA,DIARIO(REGULAR),JUTIAPA
22-01-0308-45,22-001,JUTIAPA,JUTIAPA,CENTRO DE ESTUDIOS DIVERSIFICADOS -CED- JUTIAPA,ALDEA LAS CRUCITAS,41589757,CECILIA ISABEL ALDECOA CASASOLA DE CASTRO,ANA MARÍA SANDOVAL MORÁN,BASICO,PRIVADO,RURAL,ABIERTA,MONOLINGUE,MATUTINA,DIARIO(REGULAR),JUTIAPA
22-01-0309-45,22-003,JUTIAPA,JUTIAPA,"LICEO EDUCATIVO INNOVADOR ""LEISAR""","7A. AVENIDA 5-24, BARRIO EL CHAPARRON, ZONA 3,",78441031,REMBERTO RECINOS SARCEÑO,KARLA YESENIA FLORES LÓPEZ,BASICO,PRIVADO,URBANA,ABIERTA,MONOLINGUE,MATUTINA,DIARIO(REGULAR),JUTIAPA
22-01-0311-45,22-037,JUTIAPA,JUTIAPA,"LICEO EDUCATIVO INNOVADOR ""LEISAR""","7A. AVENIDA 5-24, BARRIO EL CHAPARRON, ZONA 3,",78441031,SANDRA NINNETH BONILLA ARCHILA,REGNIER ANTONIO VELÁSQUEZ DONIS,BASICO,PRIVADO,URBANA,ABIERTA,MONOLINGUE,DOBLE,FIN DE SEMANA,JUTIAPA
22-01-0313-45,22-037,JUTIAPA,JUTIAPA,COLEGIO EL BOSQUE,ALDEA EL CHILTEPE,41875134,SANDRA NINNETH BONILLA ARCHILA,INGRID CAROL JUAREZ DOMINGUEZ,BASICO,PRIVADO,RURAL,ABIERTA,MONOLINGUE,DOBLE,FIN DE SEMANA,JUTIAPA
22-01-0324-45,22-013,JUTIAPA,JUTIAPA,LICEO ORIENTAL,"KILOMETRO 116 CARRETERA INTERAMERICANA, ALDEA CERRO GORDO",42198113,RONY ESMELTZER RAMOS QUIÑONEZ,ADELINA PAIZ ALAY,BASICO,PRIVADO,RURAL,ABIERTA,MONOLINGUE,MATUTINA,DIARIO(REGULAR),JUTIAPA
22-01-0327-45,22-001,JUTIAPA,JUTIAPA,COLEGIO GUATEMALA,CALLEJON GARCIA GRANADOS 1-16 ZONA 1,78440113,CECILIA ISABEL ALDECOA CASASOLA DE CASTRO,EBA CANDELARIA LÉMUS RAMOS,BASICO,PRIVADO,URBANA,ABIERTA,MONOLINGUE,VESPERTINA,DIARIO(REGULAR),JUTIAPA
22-01-0330-45,22-003,JUTIAPA,JUTIAPA,"""LICEO TECNOLOGICO BILINGUE GENESIS""","7A. CALLE Y 8A. AVENIDA 7-49 ZONA 3, BARRIO EL CHAPARON",78446178,REMBERTO RECINOS SARCEÑO,ALBA YESENIA ALARCON HERNANDEZ,BASICO,PRIVADO,URBANA,ABIERTA,MONOLINGUE,MATUTINA,DIARIO(REGULAR),JUTIAPA
22-01-0331-45,22-003,JUTIAPA,JUTIAPA,"""LICEO TECNOLOGICO BILINGUE GENESIS""","7A. CALLE Y 8A. AVENIDA 7-49 ZONA 3, BARRIO EL CHAPARON",78446178,REMBERTO RECINOS SARCEÑO,ALBA YESENIA ALARCON HERNANDEZ,BASICO,PRIVADO,URBANA,ABIERTA,MONOLINGUE,VESPERTINA,DIARIO(REGULAR),JUTIAPA
22-01-0341-45,22-003,JUTIAPA,JUTIAPA,COLEGIO GENIUS AMERICANO,"CARRETERA INTERAMERICANA KILOMETRO 114, ALDEA CERRO GORDO",78286000,REMBERTO RECINOS SARCEÑO,HELEANA MARÍA GARCÍA CARRILLO,BASICO,PRIVADO,RURAL,ABIERTA,MONOLINGUE,MATUTINA,DIARIO(REGULAR),JUTIAPA
22-01-0349-45,22-003,JUTIAPA,JUTIAPA,"COLEGIO PARTICULAR MIXTO ""EBEN EZER""",7MA. CALLE Y 8VA. AVENIDA 7-49 ZONA 3,34085046,REMBERTO RECINOS SARCEÑO,FIBI JUDITH LEMUS HERNÁNDEZ,BASICO,PRIVADO,URBANA,ABIERTA,MONOLINGUE,NOCTURNA,DIARIO(REGULAR),JUTIAPA
22-01-0360-45,22-003,JUTIAPA,JUTIAPA,"COLEGIO EVANGÉLICO DE EDUCACIÓN INTEGRAL ""ELIM""",4TA. CALLE 2-05 ZONA 3,47231479,REMBERTO RECINOS SARCEÑO,MIRNA ARACELY CONTRERAS ARANA,BASICO,PRIVADO,URBANA,ABIERTA,MONOLINGUE,VESPERTINA,DIARIO(REGULAR),JUTIAPA
22-01-0367-45,22-003,JUTIAPA,JUTIAPA,LICEO TECNOLÓGICO BILINGÜE GÉNESIS,7A. CALLE Y 8A. AVENIDA 7-49 ZONA 3,78446178,REMBERTO RECINOS SARCEÑO,ALBA YESENIA ALARCON HERNANDEZ,BASICO,PRIVADO,URBANA,ABIERTA,MONOLINGUE,DOBLE,FIN DE SEMANA,JUTIAPA
22-01-0379-45,22-003,JUTIAPA,JUTIAPA,CENTRO DE INTEGRACIÓN DE TÉCNICAS EDUCATIVAS -CITE-,CARRETERA INTERAMERICACANA P6 ZONA 4,23399760,REMBERTO RECINOS SARCEÑO,KARLA VANESA HERNÁNDEZ VILLATORO,BASICO,PRIVADO,URBANA,ABIERTA,MONOLINGUE,VESPERTINA,VIRTUAL A DISTANCIA,JUTIAPA
22-01-0380-45,22-037,JUTIAPA,JUTIAPA,CENTRO DE INTEGRACIÓN DE TÉCNICAS EDUCATIVAS -CITE-,CARRETERA INTERAMERICACANA P6 ZONA 4,23399290,SANDRA NINNETH BONILLA ARCHILA,SILVIA EUGENIA CASTRO CASTILLO,BASICO,PRIVADO,URBANA,ABIERTA,MONOLINGUE,VESPERTINA,VIRTUAL A DISTANCIA,JUTIAPA
22-01-0384-45,22-003,JUTIAPA,JUTIAPA,"INSTITUTO PROFESIONAL ""JAHER""",4TA. CALLE 2-11 ZONA 3,58071234,REMBERTO RECINOS SARCEÑO,YOLANDA DE JESÚS RODRÍGUEZ DE LEÓN,BASICO,PRIVADO,URBANA,ABIERTA,MONOLINGUE,VESPERTINA,VIRTUAL A DISTANCIA,JUTIAPA
22-01-0385-45,22-003,JUTIAPA,JUTIAPA,"INSTITUTO PROFESIONAL ""JAHER""",4TA. CALLE 2-11 ZONA 3,58071234,REMBERTO RECINOS SARCEÑO,YOLANDA DE JESÚS RODRÍGUEZ DE LEÓN,BASICO,PRIVADO,URBANA,ABIERTA,MONOLINGUE,DOBLE,A DISTANCIA,JUTIAPA
22-01-0393-45,22-003,JUTIAPA,JUTIAPA,LICEO BETHEL,RUTA 23 ALDEA JÍCARO GRANDE,41607922,REMBERTO RECINOS SARCEÑO,DEYSI SINDY FLORIÁN CARDONA,BASICO,PRIVADO,RURAL,ABIERTA,MONOLINGUE,SIN JORNADA,SEMIPRESENCIAL (UN DÍA A LA SEMANA),JUTIAPA
22-01-0395-45,22-003,JUTIAPA,JUTIAPA,COLEGIO NUEVOS HORIZONTES,"CASERIO VILLA HERMOSA, CANTÓN POTRERO GRANDE",30444735,REMBERTO RECINOS SARCEÑO,ESTRELLITA NORICELDA RAMÍREZ CABRERA,BASICO,PRIVADO,RURAL,ABIERTA,MONOLINGUE,SIN JORNADA,SEMIPRESENCIAL (UN DÍA A LA SEMANA),JUTIAPA
22-01-0399-45,22-003,JUTIAPA,JUTIAPA,LICEO TECNOLÓGICO BILINGÜE GÉNESIS,7A. CALLE Y 8A. AVENIDA 7-49 ZONA 3,78446178,REMBERTO RECINOS SARCEÑO,SANDRA DAMIRA LÓPEZ RAMÍREZ,BASICO,PRIVADO,URBANA,ABIERTA,MONOLINGUE,DOBLE,FIN DE SEMANA,JUTIAPA
22-01-0400-45,22-003,JUTIAPA,JUTIAPA,LICEO TECNOLÓGICO BILINGÜE GÉNESIS,7A. CALLE Y 8A. AVENIDA 7-49 ZONA 3,78446178,REMBERTO RECINOS SARCEÑO,SANDRA DAMIRA LÓPEZ RAMÍREZ,BASICO,PRIVADO,URBANA,ABIERTA,MONOLINGUE,SIN JORNADA,SEMIPRESENCIAL (UN DÍA A LA SEMANA),JUTIAPA
22-01-0403-45,22-001,JUTIAPA,JUTIAPA,"COLEGIO PARTICULAR INTEGRAL ""EVOLUCIÓN""","LOTE 4, SECTOR E. RESIDENCIALES MARÍA EUGENIA",31003414,CECILIA ISABEL ALDECOA CASASOLA DE CASTRO,MIGUEL ANGEL MARTINEZ DE LA VEGA,BASICO,PRIVADO,URBANA,ABIERTA,MONOLINGUE,SIN JORNADA,SEMIPRESENCIAL (UN DÍA A LA SEMANA),JUTIAPA
22-01-0405-45,22-003,JUTIAPA,JUTIAPA,"LICEO EDUCATIVO INNOVADOR ""LEISAR""","7A. AVE. 5-24, BARRIO EL CHAPARRÓN",78441031,REMBERTO RECINOS SARCEÑO,REGNIER ANTONIO VELÁSQUEZ DONIS,BASICO,PRIVADO,URBANA,ABIERTA,MONOLINGUE,SIN JORNADA,SEMIPRESENCIAL (UN DÍA A LA SEMANA),JUTIAPA
22-01-0407-45,22-003,JUTIAPA,JUTIAPA,INSTITUTO PARTICULAR MIXTO DE MERCADOTECNIA Y PUBLICIDAD DE ORIENTE -IMPO-,5A. AVE. 7-35 ZONA 1,78441530,REMBERTO RECINOS SARCEÑO,JORGE MARIO AGUILAR RETANA,BASICO,PRIVADO,URBANA,ABIERTA,MONOLINGUE,SIN JORNADA,SEMIPRESENCIAL (UN DÍA A LA SEMANA),JUTIAPA
22-01-0409-45,22-001,JUTIAPA,JUTIAPA,INSTITUTO TÉCNICO PARTICULAR DE DIVERSIFICADO INTECPADI,5TA. CALLE 5-43 ZONA 1,78440379,CECILIA ISABEL ALDECOA CASASOLA DE CASTRO,RONI ERNESTO RECINOS ESTRADA,BASICO,PRIVADO,URBANA,ABIERTA,MONOLINGUE,SIN JORNADA,SEMIPRESENCIAL (UN DÍA A LA SEMANA),JUTIAPA
22-01-0411-45,22-003,JUTIAPA,JUTIAPA,ESCUELA EN CIENCIAS DE LA COMUNICACIÓN -ECCO-,KM. 116-5 CARRETERA INTERAMERICANA,78440228,REMBERTO RECINOS SARCEÑO,RODABEL RIOS CASTILLO,BASICO,PRIVADO,URBANA,ABIERTA,MONOLINGUE,SIN JORNADA,SEMIPRESENCIAL (UN DÍA A LA SEMANA),JUTIAPA
22-01-0413-45,22-003,JUTIAPA,JUTIAPA,"COLEGIO PARTICULAR MIXTO ""EBEN EZER""",7A. CALLE Y 8A. AVENIDA 7-49 ZONA 3,34245324,REMBERTO RECINOS SARCEÑO,CÉSAR GEOVANNI RAMOS RAMÍREZ,BASICO,PRIVADO,URBANA,ABIERTA,MONOLINGUE,NOCTURNA,DIARIO(REGULAR),JUTIAPA
22-01-0417-45,22-001,JUTIAPA,JUTIAPA,LICEO BILINGÜE INTERAMERICANO JUTIAPA,BARRIO INTERAMERICANO 4-01,78440074,CECILIA ISABEL ALDECOA CASASOLA DE CASTRO,HILCIA ASUCENA ORTEGA ZUÑIGA,BASICO,PRIVADO,URBANA,ABIERTA,MONOLINGUE,MATUTINA,DIARIO(REGULAR),JUTIAPA
22-01-0418-45,22-001,JUTIAPA,JUTIAPA,LICEO BILINGÜE INTERAMERICANO JUTIAPA,BARRIO INTERAMERICANO 4-01,78440074,CECILIA ISABEL ALDECOA CASASOLA DE CASTRO,HEBERTO ANÍBAL CORADO QUIÑONEZ,BASICO,PRIVADO,URBANA,ABIERTA,MONOLINGUE,DOBLE,FIN DE SEMANA,JUTIAPA
22-01-0419-45,22-001,JUTIAPA,JUTIAPA,LICEO BILINGÜE INTERAMERICANO JUTIAPA,BARRIO INTERAMERICANO 4-01,78440074,CECILIA ISABEL ALDECOA CASASOLA DE CASTRO,HEBERTO ANÍBAL CORADO QUIÑONEZ,BASICO,PRIVADO,URBANA,ABIERTA,MONOLINGUE,SIN JORNADA,SEMIPRESENCIAL (UN DÍA A LA SEMANA),JUTIAPA
22-01-0423-45,22-013,JUTIAPA,JUTIAPA,LICEO ORIENTAL,"KILOMETRO 116 CARRETERA INTERAMERICANA, ALDEA CERRO GORDO",30423063,RONY ESMELTZER RAMOS QUIÑONEZ,OLIN ROSALINA GUDIEL GRIJALVA,BASICO,PRIVADO,RURAL,ABIERTA,MONOLINGUE,SIN JORNADA,SEMIPRESENCIAL (UN DÍA A LA SEMANA),JUTIAPA
22-01-0425-45,22-003,JUTIAPA,JUTIAPA,COLEGIO EL BOSQUE,ALDEA EL CHILTEPE,59609909,REMBERTO RECINOS SARCEÑO,INGRID CAROL JUAREZ DOMINGUEZ,BASICO,PRIVADO,RURAL,ABIERTA,MONOLINGUE,SIN JORNADA,SEMIPRESENCIAL (UN DÍA A LA SEMANA),JUTIAPA
22-01-0427-45,22-038,JUTIAPA,JUTIAPA,CENTRO DE EDUCACIÓN EXTRAESCOLAR -CEEX-DEPARTAMENTAL,"COMPLEJO EDUCATIVO, BARRIO EL CONDOR",47733992,MYNOR YOBANY MERLOS FLORIAN,REYNA AMARILIS BARRERA ALAY,BASICO,OFICIAL,URBANA,ABIERTA,MONOLINGUE,DOBLE,SEMIPRESENCIAL,JUTIAPA
22-01-0428-45,22-003,JUTIAPA,JUTIAPA,"COLEGIO EVANGÉLICO DE EDUCACIÓN INTEGRAL ""ELIM""",4A. CALLE 2-05 ZONA 3,77272966,REMBERTO RECINOS SARCEÑO,YOLANDA DE JESÚS RODRÍGUEZ DE LEÓN,BASICO,PRIVADO,URBANA,ABIERTA,MONOLINGUE,SIN JORNADA,SEMIPRESENCIAL (UN DÍA A LA SEMANA),JUTIAPA
22-01-0432-45,22-003,JUTIAPA,JUTIAPA,CENTRO DE INTEGRACIÓN DE TÉCNICAS EDUCATIVAS -CITE-,"CARRETERA INTERAMERICANA P6, ZONA 4",77252887,REMBERTO RECINOS SARCEÑO,KARLA VANESA HERNÁNDEZ VILLATORO,BASICO,PRIVADO,URBANA,ABIERTA,MONOLINGUE,SIN JORNADA,A DISTANCIA,JUTIAPA
22-01-0439-45,22-001,JUTIAPA,JUTIAPA,"COLEGIO MIXTO BILINGÜE ""SANTA FE""",2A. AV. 4-28 ZONA 1,59194532,CECILIA ISABEL ALDECOA CASASOLA DE CASTRO,DELMY CAROLINA SANDOVAL MEDINA,BASICO,PRIVADO,URBANA,ABIERTA,MONOLINGUE,DOBLE,FIN DE SEMANA,JUTIAPA
22-01-0440-45,22-001,JUTIAPA,JUTIAPA,"COLEGIO MIXTO BILINGÜE ""SANTA FE""",2A. AV. 4-28 ZONA 1,59194532,CECILIA ISABEL ALDECOA CASASOLA DE CASTRO,DELMY CAROLINA SANDOVAL MEDINA,BASICO,PRIVADO,URBANA,ABIERTA,MONOLINGUE,SIN JORNADA,SEMIPRESENCIAL (UN DÍA A LA SEMANA),JUTIAPA
22-01-0445-45,22-038,JUTIAPA,JUTIAPA,CENTRO DE EDUCACIÓN EXTRAESCOLAR -CEEX-,"CASERIO LA FUENTE, CANTON VALENCIA",50368112,MYNOR YOBANY MERLOS FLORIAN,ROIBIN ELÍ LIMA DELGADO,BASICO,OFICIAL,RURAL,ABIERTA,MONOLINGUE,DOBLE,SEMIPRESENCIAL,JUTIAPA
22-01-0448-45,22-001,JUTIAPA,JUTIAPA,"COLEGIO MIXTO BILINGÜE ""SANTA FE""",2A. AV. 4-28 ZONA 1,79344000,CECILIA ISABEL ALDECOA CASASOLA DE CASTRO,ANGEL ELEAZAR VEGA ALAY,BASICO,PRIVADO,URBANA,ABIERTA,MONOLINGUE,MATUTINA,DIARIO(REGULAR),JUTIAPA
22-01-0599-45,22-013,JUTIAPA,JUTIAPA,INEB ADSC. A ESCUELA DE CIENCIAS COMERCIALES,"COMPLEJO EDUCATIVO, BARRIO EL CONDOR",77560233,RONY ESMELTZER RAMOS QUIÑONEZ,OTTO LEONEL SARCEÑO CARRILLO,BASICO,OFICIAL,URBANA,ABIERTA,MONOLINGUE,VESPERTINA,DIARIO(REGULAR),JUTIAPA
22-01-0625-45,22-003,JUTIAPA,JUTIAPA,IPMB MIXTO DE MERCADOTECNIA Y PUBLICIDAD DE ORIENTE,6A CALLE 6-07 ZONA 3,78441530,REMBERTO RECINOS SARCEÑO,JORGE MARIO AGUILAR RETANA,BASICO,PRIVADO,URBANA,ABIERTA,MONOLINGUE,DOBLE,FIN DE SEMANA,JUTIAPA
22-01-0626-45,22-001,JUTIAPA,JUTIAPA,COLEGIO SAN FRANCISCO,6A. CALLE 4-74 ZONA 1,77253761,CECILIA ISABEL ALDECOA CASASOLA DE CASTRO,JOSUÉ DANIEL RAMÍREZ LUX,BASICO,PRIVADO,URBANA,ABIERTA,MONOLINGUE,DOBLE,FIN DE SEMANA,JUTIAPA
22-01-1607-45,22-003,JUTIAPA,JUTIAPA,INSTITUTO PARTICULAR MIXTO SUPERACION,5A. AV. 7-35 ZONA 1,78441530,REMBERTO RECINOS SARCEÑO,DELMY ASTRID MÉNDEZ POLANCO,BASICO,PRIVADO,URBANA,ABIERTA,MONOLINGUE,DOBLE,FIN DE SEMANA,JUTIAPA
22-01-1612-45,22-001,JUTIAPA,JUTIAPA,"INSTITUTO TECNICO PARTICULAR DE DIVERSIFICADO, INTECPADI",5A. CALLE 5-43 ZONA 1,78442296,CECILIA ISABEL ALDECOA CASASOLA DE CASTRO,RONI ERNESTO RECINOS ESTRADA,BASICO,PRIVADO,URBANA,ABIERTA,MONOLINGUE,DOBLE,SABATINO,JUTIAPA
22-01-1614-45,22-001,JUTIAPA,JUTIAPA,"INSTITUTO TECNICO PARTICULAR DE DIVERSIFICADO, INTECPADI",5A. CALLE 5-43 ZONA 1,78440379,CECILIA ISABEL ALDECOA CASASOLA DE CASTRO,RONI ERNESTO RECINOS ESTRADA,BASICO,PRIVADO,URBANA,ABIERTA,MONOLINGUE,MATUTINA,DIARIO(REGULAR),JUTIAPA
22-01-1667-45,22-004,JUTIAPA,JUTIAPA,INSTITUTO DE EDUCACION BASICA PARA TRABAJADORES,BARRIO LA FEDERAL,78441341,MARA ALEIDA QUIÑONEZ Y QUIÑONEZ,,BASICO,COOPERATIVA,URBANA,ABIERTA,MONOLINGUE,DOBLE,FIN DE SEMANA,JUTIAPA
22-01-1674-45,22-006,JUTIAPA,JUTIAPA,INEB DE TELESECUNDARIA,ALDEA LAS CANOAS,58825274,RONY ESTUARDO SANDOVAL MEDINA,EDWIN ROBERTO GRIJALVA ESCOBAR,BASICO,OFICIAL,RURAL,ABIERTA,MONOLINGUE,VESPERTINA,DIARIO(REGULAR),JUTIAPA
22-01-1804-45,22-006,JUTIAPA,JUTIAPA,INEB DE TELESECUNDARIA,CASERIO LA VEGA,53487716,RONY ESTUARDO SANDOVAL MEDINA,NERY LEONEL COTTO MORALES,BASICO,OFICIAL,RURAL,ABIERTA,MONOLINGUE,VESPERTINA,DIARIO(REGULAR),JUTIAPA
22-01-1805-45,22-013,JUTIAPA,JUTIAPA,INEB DE TELESECUNDARIA,CANTÓN SAN ANTONIO,42976677,RONY ESMELTZER RAMOS QUIÑONEZ,ILEANA DE JESÚS ESQUIVEL MARROQUÍN,BASICO,OFICIAL,RURAL,ABIERTA,MONOLINGUE,VESPERTINA,DIARIO(REGULAR),JUTIAPA
22-01-1806-45,22-014,JUTIAPA,JUTIAPA,INEB DE TELESECUNDARIA,ALDEA TRANCAS I,41381704,MARCO TULIO CASTILLO MELGAR,JUAN FERNANDO ALEJANDRO VELÁSQUEZ,BASICO,OFICIAL,RURAL,ABIERTA,MONOLINGUE,VESPERTINA,DIARIO(REGULAR),JUTIAPA
22-01-1907-45,22-002,JUTIAPA,JUTIAPA,INEB DE TELESECUNDARIA,"ALDEA,LA FLOR, CANTON AMAYITO",55255263,CARLOS HUMBERTO CRUZ ALAY,MARIELA ELISA ZEPEDA DONIS,BASICO,OFICIAL,RURAL,ABIERTA,MONOLINGUE,VESPERTINA,DIARIO(REGULAR),JUTIAPA
22-01-1914-45,22-002,JUTIAPA,JUTIAPA,INEB DE TELESECUNDARIA,CANTON SAN JOSE BUENA VISTA,33031900,CARLOS HUMBERTO CRUZ ALAY,JENNIFER ALICIA HERNÁNDEZ YANES,BASICO,OFICIAL,RURAL,ABIERTA,MONOLINGUE,VESPERTINA,DIARIO(REGULAR),JUTIAPA
22-01-1951-45,22-001,JUTIAPA,JUTIAPA,COLEGIO GUATEMALA,CALLEJON GARCIA GRANADOS 1-16 ZONA 1,55581840,CECILIA ISABEL ALDECOA CASASOLA DE CASTRO,MARIO ARNOLDO VELASCO MOGOLLON,BASICO,PRIVADO,URBANA,ABIERTA,MONOLINGUE,MATUTINA,DIARIO(REGULAR),JUTIAPA
22-01-2028-45,22-003,JUTIAPA,JUTIAPA,ESCUELA EN CIENCIAS DE LA COMUNICACION ECCO,KM. 116.5,78440228,REMBERTO RECINOS SARCEÑO,NANCY PAOLA MARTÍNEZ MEDRANO,BASICO,PRIVADO,URBANA,ABIERTA,MONOLINGUE,MATUTINA,DIARIO(REGULAR),JUTIAPA
22-01-2089-45,22-005,JUTIAPA,JUTIAPA,INEB,ALDEA LOS ANONOS CANTON VALENCIA,42185903,EDGAR ARNULFO GONZALEZ GUDIEL,BRENDA LORENA CORADO ARIAS,BASICO,OFICIAL,RURAL,ABIERTA,MONOLINGUE,MATUTINA,DIARIO(REGULAR),JUTIAPA
22-01-2131-45,22-001,JUTIAPA,JUTIAPA,COLEGIO PARTICULAR MIXTO DE MAGISTERIO,1A. AVENIDA 4-64 ZONA 1,78442157,CECILIA ISABEL ALDECOA CASASOLA DE CASTRO,ISRAEL JOSUÉ VÁSQUEZ,BASICO,PRIVADO,URBANA,ABIERTA,MONOLINGUE,MATUTINA,DIARIO(REGULAR),JUTIAPA
22-01-2243-45,22-003,JUTIAPA,JUTIAPA,INSTITUTO PARTICULAR MIXTO NOCTURNO EBEN-EZER,"7A. CALLE Y 8A. AVENIDA 7-49 ZONA 3, BARRIO EL CHAPARON",34085046,REMBERTO RECINOS SARCEÑO,CÉSAR GEOVANNI RAMOS RAMÍREZ,BASICO,PRIVADO,URBANA,ABIERTA,MONOLINGUE,NOCTURNA,DIARIO(REGULAR),JUTIAPA
22-01-2244-45,22-002,JUTIAPA,JUTIAPA,INEB DE TELESECUNDARIA,"ALDEA LA ARADA, CANTON SAN MARCOS",32322221,CARLOS HUMBERTO CRUZ ALAY,JESSICA XIOMARA LÉMUS SARCEÑO,BASICO,OFICIAL,RURAL,ABIERTA,MONOLINGUE,MATUTINA,DIARIO(REGULAR),JUTIAPA
22-01-2245-45,22-005,JUTIAPA,JUTIAPA,INEB DE TELESECUNDARIA,CANTON EL PEÑON,42806092,EDGAR ARNULFO GONZALEZ GUDIEL,ROBERTO CARLOS ALARCÓN HERNÁNDEZ,BASICO,OFICIAL,RURAL,ABIERTA,MONOLINGUE,VESPERTINA,DIARIO(REGULAR),JUTIAPA
22-01-2247-45,22-014,JUTIAPA,JUTIAPA,INEB DE TELESECUNDARIA,CANTON POTRERO GRANDE,,MARCO TULIO CASTILLO MELGAR,BRENDA MARLENI RODAS GÓMEZ,BASICO,OFICIAL,RURAL,ABIERTA,MONOLINGUE,VESPERTINA,DIARIO(REGULAR),JUTIAPA
22-01-2248-45,22-006,JUTIAPA,JUTIAPA,INEB DE TELESECUNDARIA,CANTON ENCINO GACHO,53636639,RONY ESTUARDO SANDOVAL MEDINA,ABEL PÉREZ CHACÓN,BASICO,OFICIAL,RURAL,ABIERTA,MONOLINGUE,VESPERTINA,DIARIO(REGULAR),JUTIAPA
22-01-2311-45,22-003,JUTIAPA,JUTIAPA,COLEGIO PARTICULAR MIXTO EL BOSQUE,ALDEA EL CHILTEPE,78442277,REMBERTO RECINOS SARCEÑO,INGRID CAROL JUAREZ DOMINGUEZ,BASICO,PRIVADO,RURAL,ABIERTA,MONOLINGUE,MATUTINA,DIARIO(REGULAR),JUTIAPA
22-01-2312-45,22-014,JUTIAPA,JUTIAPA,INEB TELESECUNDARIA,ALDEA NUEVA ESPERANZA,42214266,MARCO TULIO CASTILLO MELGAR,MARITZA JUDITH RIVERA GUZMÁN,BASICO,OFICIAL,RURAL,ABIERTA,MONOLINGUE,MATUTINA,DIARIO(REGULAR),JUTIAPA
22-01-2313-45,22-008,JUTIAPA,JUTIAPA,INEB TELESECUNDARIA,ALDEA IXTACAPA,42458858,EMMANUEL MONZON HERRERA,JAVIER ALARCÓN HERNÁNDEZ,BASICO,OFICIAL,RURAL,ABIERTA,MONOLINGUE,VESPERTINA,DIARIO(REGULAR),JUTIAPA
22-01-2314-45,22-002,JUTIAPA,JUTIAPA,NUCLEO FAMILIAR EDUCATIVO PARA EL DESARROLLO NUFED NO. 304,ALDEA LAS TUNAS I,59455083,CARLOS HUMBERTO CRUZ ALAY,.,BASICO,OFICIAL,RURAL,ABIERTA,MONOLINGUE,VESPERTINA,DIARIO(REGULAR),JUTIAPA
22-01-2315-45,22-008,JUTIAPA,JUTIAPA,INEB TELESECUNDARIA,ALDEA ANIMAS LOMAS,45153061,EMMANUEL MONZON HERRERA,JORGE MARIO PEÑATE GUERRA,BASICO,OFICIAL,RURAL,ABIERTA,MONOLINGUE,MATUTINA,DIARIO(REGULAR),JUTIAPA
22-01-2335-45,22-002,JUTIAPA,JUTIAPA,INEB DE TELESECUNDARIA,CANTON VALENCIA,55108569,CARLOS HUMBERTO CRUZ ALAY,NANCY DALILA GIRÓN RAMÍREZ,BASICO,OFICIAL,RURAL,ABIERTA,MONOLINGUE,VESPERTINA,DIARIO(REGULAR),JUTIAPA
22-01-2336-45,22-006,JUTIAPA,JUTIAPA,INEB TELESECUNDARIA,ALDEA EL AGUACATE CANTON AMAYO SITIO,51121762,RONY ESTUARDO SANDOVAL MEDINA,JULIO CÉSAR RIZO GARCÍA,BASICO,OFICIAL,RURAL,ABIERTA,MONOLINGUE,VESPERTINA,DIARIO(REGULAR),JUTIAPA
22-01-2436-45,22-003,JUTIAPA,JUTIAPA,LICEO BETHEL,ALDEA EL JICARO,50476099,REMBERTO RECINOS SARCEÑO,JANNER ELÍ LOPEZ LOPEZ,BASICO,PRIVADO,RURAL,ABIERTA,MONOLINGUE,MATUTINA,DIARIO(REGULAR),JUTIAPA
22-01-2448-45,22-037,JUTIAPA,JUTIAPA,COLEGIO PARTICULAR MIXTO GENESIS,7A. CALLE Y 8A. AVENIDA 7-49 ZONA 3 BARRIO EL CHAPARRON,30008172,SANDRA NINNETH BONILLA ARCHILA,MANUEL LISANDRO LÓPEZ SALGUERO,BASICO,PRIVADO,URBANA,ABIERTA,MONOLINGUE,MATUTINA,DIARIO(REGULAR),JUTIAPA
22-01-2494-45,22-001,JUTIAPA,JUTIAPA,COLEGIO INTEGRAL EVOLUCION CIE,7A. CALLE Y 8A. AVENIDA 7-49 ZONA 3 BARRIO EL CHAPARRON,57313172,CECILIA ISABEL ALDECOA CASASOLA DE CASTRO,MIGUEL ANGEL MARTINEZ DE LA VEGA,BASICO,PRIVADO,URBANA,ABIERTA,MONOLINGUE,DOBLE,FIN DE SEMANA,JUTIAPA
22-01-2541-45,22-008,JUTIAPA,JUTIAPA,INEB DE TELESECUNDARIA,CANTON LAGUNILLA,55114360,EMMANUEL MONZON HERRERA,WENDY LILY TZOC ALEJANDRO,BASICO,OFICIAL,RURAL,ABIERTA,MONOLINGUE,MATUTINA,DIARIO(REGULAR),JUTIAPA
22-01-2542-45,22-002,JUTIAPA,JUTIAPA,INEB DE TELESECUNDARIA,"CASERIO EL DURAZNO, CANTON VALENCIA",32261236,CARLOS HUMBERTO CRUZ ALAY,OSMAN ARNOLDO SAENZ GOMEZ,BASICO,OFICIAL,RURAL,ABIERTA,MONOLINGUE,VESPERTINA,DIARIO(REGULAR),JUTIAPA
22-02-0004-45,22-037,JUTIAPA,EL PROGRESO,INEB,ALDEA LAS FLORES,47412226,SANDRA NINNETH BONILLA ARCHILA,EDGAR VILLAGRÁN RUANO,BASICO,OFICIAL,RURAL,ABIERTA,MONOLINGUE,VESPERTINA,DIARIO(REGULAR),JUTIAPA
22-02-0005-45,22-037,JUTIAPA,EL PROGRESO,INEB DE TELESECUNDARIA,ALDEA EL PORVENIR,55271913,SANDRA NINNETH BONILLA ARCHILA,VICTOR JOSUÉ SANDOVAL SALVADOR,BASICO,OFICIAL,RURAL,ABIERTA,MONOLINGUE,VESPERTINA,DIARIO(REGULAR),JUTIAPA
22-02-0011-45,22-037,JUTIAPA,EL PROGRESO,"COLEGIO PARTICULAR MIXTO ""LICEO PROGRESO""","CALZADA LA PAZ, BARRIO EL BOSQUE",78435751,SANDRA NINNETH BONILLA ARCHILA,JHONATAN DAVID CAAL PALMA,BASICO,PRIVADO,URBANA,ABIERTA,MONOLINGUE,DOBLE,FIN DE SEMANA,JUTIAPA
22-02-0012-45,22-037,JUTIAPA,EL PROGRESO,INEB,ALDEA EL OVEJERO,46534953,SANDRA NINNETH BONILLA ARCHILA,JAIME OVIDIO GONZALEZ FLORES,BASICO,OFICIAL,RURAL,ABIERTA,MONOLINGUE,VESPERTINA,DIARIO(REGULAR),JUTIAPA
22-02-0015-45,22-037,JUTIAPA,EL PROGRESO,"LICEO BILINGÜE ""FRAY AMADEO RUANO NAJARRO""",2A. AVENIDA 2-88 ZONA 1,78435491,SANDRA NINNETH BONILLA ARCHILA,MELANIE ROCIO RUANO ESPAÑA,BASICO,PRIVADO,URBANA,ABIERTA,MONOLINGUE,MATUTINA,DIARIO(REGULAR),JUTIAPA
22-02-0020-45,22-037,JUTIAPA,EL PROGRESO,COLEGIO PROFESIONAL INTEGRAL -CPI-,"KM. 125.5 CARRETERA INTERAMERICANA, ALDEA EL PORVENIR",77254982,SANDRA NINNETH BONILLA ARCHILA,LIDIA LUZ ESPINO GONZÁLEZ,BASICO,PRIVADO,RURAL,ABIERTA,MONOLINGUE,MATUTINA,DIARIO(REGULAR),JUTIAPA
22-02-0022-45,22-037,JUTIAPA,EL PROGRESO,"CENTRO EDUCATIVO MUNICIPAL ""EL ROBLE""","4A. CALLE 1-04 ZONA 4, BARRIO EL ROBLE",42199688,SANDRA NINNETH BONILLA ARCHILA,VIVIANA YAMILETH RIVERA LÓPEZ,BASICO,MUNICIPAL,URBANA,ABIERTA,MONOLINGUE,VESPERTINA,DIARIO(REGULAR),JUTIAPA
22-02-0025-45,22-037,JUTIAPA,EL PROGRESO,COLEGIO PARTICULAR MIXTO LICEO PROGRESO,CALZADA LA PAZ,78435751,SANDRA NINNETH BONILLA ARCHILA,NELDA JUDITH PALMA ESTRADA,BASICO,PRIVADO,RURAL,ABIERTA,MONOLINGUE,SIN JORNADA,SEMIPRESENCIAL (UN DÍA A LA SEMANA),JUTIAPA
22-02-0136-45,22-037,JUTIAPA,EL PROGRESO,IEBC DE ENSEÑANZA ANGELINA ACUÑA,"1A. CALLE 2-82, ZONA 2",78434008,SANDRA NINNETH BONILLA ARCHILA,ORLANDO ELIEL MORÁN ARANA,BASICO,COOPERATIVA,URBANA,ABIERTA,MONOLINGUE,MATUTINA,DIARIO(REGULAR),JUTIAPA
22-02-0601-45,22-037,JUTIAPA,EL PROGRESO,LICEO EVANGELICO HOREB,"1A. AVENIDA ""A"" 6-43, BARRIO LA FEDERAL",78435725,SANDRA NINNETH BONILLA ARCHILA,VERÓNICA ANABELLA PADILLA SALGUERO,BASICO,PRIVADO,URBANA,ABIERTA,MONOLINGUE,VESPERTINA,DIARIO(REGULAR),JUTIAPA
22-02-1435-45,22-037,JUTIAPA,EL PROGRESO,"COLEGIO PARTICULAR MIXTO ""LICEO PROGRESO""","CALZADA LA PAZ, BARRIO EL BOSQUE",78435751,SANDRA NINNETH BONILLA ARCHILA,JHONATAN DAVID CAAL PALMA,BASICO,PRIVADO,URBANA,ABIERTA,MONOLINGUE,DOBLE,DIARIO(REGULAR),JUTIAPA
22-02-1673-45,22-037,JUTIAPA,EL PROGRESO,INEB DE TELESECUNDARIA,"CASERIO EL DURAZNO, CANTON VALENCIA ALDEA POZAS DE AGUA",32261236,SANDRA NINNETH BONILLA ARCHILA,CRISTINA JERUSALEM CONTRERAS RUANO,BASICO,OFICIAL,RURAL,ABIERTA,MONOLINGUE,VESPERTINA,DIARIO(REGULAR),JUTIAPA
22-02-2076-45,22-037,JUTIAPA,EL PROGRESO,"COLEGIO PARTICULAR MIXTO ""LICEO PROGRESO""","CALZADA LA PAZ, BARRIO EL BOSQUE",78435751,SANDRA NINNETH BONILLA ARCHILA,NELDA JUDITH PALMA ESTRADA,BASICO,PRIVADO,URBANA,ABIERTA,MONOLINGUE,DOBLE,FIN DE SEMANA,JUTIAPA
22-02-2309-45,22-037,JUTIAPA,EL PROGRESO,NUCLEO FAMILIAR EDUCATIVO PARA EL DESARROLLO NUFED NO. 107,ALDEA EL PEÑONCITO,46279626,SANDRA NINNETH BONILLA ARCHILA,GALIA BEATRIZ ALVARADO JO,BASICO,OFICIAL,RURAL,ABIERTA,MONOLINGUE,VESPERTINA,DIARIO(REGULAR),JUTIAPA
22-02-2457-45,22-037,JUTIAPA,EL PROGRESO,"COLEGIO PARROQUIAL ""NUESTRA SEÑORA DE LOURDES""",2A. CALLE 1-27 ZONA 1,78435473,SANDRA NINNETH BONILLA ARCHILA,AMAVILIA RUANO SALGUERO,BASICO,PRIVADO,URBANA,ABIERTA,MONOLINGUE,VESPERTINA,DIARIO(REGULAR),JUTIAPA
22-03-0009-45,22-015,JUTIAPA,SANTA CATARINA MITA,INEB,ALDEA EL QUEBRACHO,40340159,ENZON DIONICIO PINTO MARTINEZ,FERDY JOÉL GÁMEZ MARTÍNEZ,BASICO,OFICIAL,RURAL,ABIERTA,MONOLINGUE,VESPERTINA,DIARIO(REGULAR),JUTIAPA
22-03-0010-45,22-010,JUTIAPA,SANTA CATARINA MITA,INEB DE TELESECUNDARIA,ALDEA EL LIMON,41009257,KEVIN DANIEL SANDOVAL SALVADOR,EDWIN EVERTO NAVAS GUTIERREZ,BASICO,OFICIAL,RURAL,ABIERTA,MONOLINGUE,VESPERTINA,DIARIO(REGULAR),JUTIAPA
22-03-0012-45,22-010,JUTIAPA,SANTA CATARINA MITA,INEB,ALDEA HORCONES,59671227,KEVIN DANIEL SANDOVAL SALVADOR,ALVA MIRIAN GONZALEZ AVALOS,BASICO,OFICIAL,RURAL,ABIERTA,MONOLINGUE,VESPERTINA,DIARIO(REGULAR),JUTIAPA
22-03-0020-45,22-010,JUTIAPA,SANTA CATARINA MITA,INEB,ALDEA CUESTA DEL GUAYABO,57244766,KEVIN DANIEL SANDOVAL SALVADOR,IRIS LILIANA VALENZUELA RONQUILLO,BASICO,OFICIAL,RURAL,ABIERTA,MONOLINGUE,VESPERTINA,DIARIO(REGULAR),JUTIAPA
22-03-0022-45,22-015,JUTIAPA,SANTA CATARINA MITA,INSTITUTO MUNICIPAL DE EDUCACION BASICA,COLONIA MUNICIPAL OSORIO RODRIGUEZ,56308415,ENZON DIONICIO PINTO MARTINEZ,EDWIN DIONICIO AMBROCIO,BASICO,MUNICIPAL,URBANA,ABIERTA,MONOLINGUE,DOBLE,FIN DE SEMANA,JUTIAPA
22-03-0025-45,22-015,JUTIAPA,SANTA CATARINA MITA,COLEGIO PARTICULAR MIXTO EVANGELICO SHALOM,BARRIO LA JAVIA,55152696,ENZON DIONICIO PINTO MARTINEZ,NANSI LISETH LUCERO SANTOS,BASICO,PRIVADO,URBANA,ABIERTA,MONOLINGUE,MATUTINA,DIARIO(REGULAR),JUTIAPA
22-03-0027-45,22-032,JUTIAPA,SANTA CATARINA MITA,INSTITUTO PARTICULAR CATARINECO,BARRIO LA ERMITA,53673753,NANSI ROSMERY MARTINEZ BARRIENTOS DE ORTIZ,JOSÉ DANIEL PALMA OSORIO,BASICO,PRIVADO,URBANA,ABIERTA,MONOLINGUE,VESPERTINA,DIARIO(REGULAR),JUTIAPA
22-03-0031-45,22-015,JUTIAPA,SANTA CATARINA MITA,INSTITUTO MUNICIPAL DE EDUCACIÓN BÁSICA,ALDEA EL RODEO,57188499,ENZON DIONICIO PINTO MARTINEZ,MARLON EDUARDO GUERRA LUCERO,BASICO,MUNICIPAL,URBANA,ABIERTA,MONOLINGUE,VESPERTINA,DIARIO(REGULAR),JUTIAPA
22-03-0154-45,22-010,JUTIAPA,SANTA CATARINA MITA,INEB DR. FRANCISCO A. FIGUEROA,BARRIO EL BARREAL,41226229,KEVIN DANIEL SANDOVAL SALVADOR,HENRY DAVID CAMPOS HERNÁNDEZ,BASICO,OFICIAL,URBANA,ABIERTA,MONOLINGUE,MATUTINA,DIARIO(REGULAR),JUTIAPA
22-03-0155-45,22-010,JUTIAPA,SANTA CATARINA MITA,IPMB,,45354041,KEVIN DANIEL SANDOVAL SALVADOR,JOSÉ DANIEL PALMA OSORIO,BASICO,PRIVADO,URBANA,ABIERTA,MONOLINGUE,NOCTURNA,DIARIO(REGULAR),JUTIAPA
22-03-0156-45,22-010,JUTIAPA,SANTA CATARINA MITA,IEBC INSTITUTO DE EDUCACION BASICA POR COOPERATIVA,ALDEA HORCONES,78420730,KEVIN DANIEL SANDOVAL SALVADOR,HUGO ANDRES ORELLANA REVOLORIO,BASICO,COOPERATIVA,RURAL,ABIERTA,MONOLINGUE,VESPERTINA,DIARIO(REGULAR),JUTIAPA
22-03-1508-45,22-010,JUTIAPA,SANTA CATARINA MITA,IPMB,ALDEA EL RODEO,,KEVIN DANIEL SANDOVAL SALVADOR,VANNER OMAR ARANA MARTÍNEZ,BASICO,PRIVADO,URBANA,ABIERTA,MONOLINGUE,VESPERTINA,DIARIO(REGULAR),JUTIAPA
22-03-1676-45,22-010,JUTIAPA,SANTA CATARINA MITA,INEB DE TELESECUNDARIA,ALDEA JOCOTE DULCE,53552904,KEVIN DANIEL SANDOVAL SALVADOR,MELVIN OTONIEL ORTÍZ QUINTANA,BASICO,OFICIAL,RURAL,ABIERTA,MONOLINGUE,VESPERTINA,DIARIO(REGULAR),JUTIAPA
22-03-1677-45,22-010,JUTIAPA,SANTA CATARINA MITA,INEB DE TELESECUNDARIA,ALDEA SUCHITAN,57472101,KEVIN DANIEL SANDOVAL SALVADOR,MARVIN MAURICIO GODOY MARTINEZ,BASICO,OFICIAL,RURAL,ABIERTA,MONOLINGUE,VESPERTINA,DIARIO(REGULAR),JUTIAPA
22-03-1942-45,22-010,JUTIAPA,SANTA CATARINA MITA,LICEO SANTA CATARINA,BARRIO EL CENTRO,58388990,KEVIN DANIEL SANDOVAL SALVADOR,TOMASA DE JESÚS JIMENEZ HERNANDEZ,BASICO,PRIVADO,URBANA,ABIERTA,MONOLINGUE,VESPERTINA,DIARIO(REGULAR),JUTIAPA
22-03-2334-45,22-015,JUTIAPA,SANTA CATARINA MITA,INEB DE TELESECUNDARIA,ALDEA LA CARBONERA,43114956,ENZON DIONICIO PINTO MARTINEZ,CELIA AMINTA POLANCO PAZ,BASICO,OFICIAL,RURAL,ABIERTA,MONOLINGUE,VESPERTINA,DIARIO(REGULAR),JUTIAPA
22-04-0018-45,22-011,JUTIAPA,AGUA BLANCA,INEB,ALDEA EL OBRAJUELO,46410318,RUTH CAROLINA SANABRIA ORELLANA,HILDA ASUCENA ESCOBAR AGUIRRE,BASICO,OFICIAL,RURAL,ABIERTA,MONOLINGUE,MATUTINA,DIARIO(REGULAR),JUTIAPA
22-04-0019-45,22-012,JUTIAPA,AGUA BLANCA,INEB DE TELESECUNDARIA,ALDEA EL CARRIZAL,46629839,YELBELY ROXANA VEGA DONADO,RONY ALBERTO AGUIRRE Y AGUIRRE,BASICO,OFICIAL,RURAL,ABIERTA,MONOLINGUE,VESPERTINA,DIARIO(REGULAR),JUTIAPA
22-04-0034-45,22-011,JUTIAPA,AGUA BLANCA,"""LICEO JUAN PABLO II""",BARRIO EL CENTRO,78683457,RUTH CAROLINA SANABRIA ORELLANA,KINVERLY DE MARÍA ORELLANA BELTRÁN,BASICO,PRIVADO,URBANA,ABIERTA,MONOLINGUE,VESPERTINA,DIARIO(REGULAR),JUTIAPA
22-04-0042-45,22-011,JUTIAPA,AGUA BLANCA,LICEO JUAN PABLO II,BARRIO EL CENTRO,42633838,RUTH CAROLINA SANABRIA ORELLANA,CARLOS OSMIN ORELLANA VICENTE,BASICO,PRIVADO,URBANA,ABIERTA,MONOLINGUE,DOBLE,FIN DE SEMANA,JUTIAPA
22-04-0043-45,22-011,JUTIAPA,AGUA BLANCA,LICEO JUAN PABLO II,BARRIO EL CENTRO,78683457,RUTH CAROLINA SANABRIA ORELLANA,CARLOS OSMIN ORELLANA VICENTE,BASICO,PRIVADO,URBANA,ABIERTA,MONOLINGUE,DOBLE,FIN DE SEMANA,JUTIAPA
22-04-0046-45,22-011,JUTIAPA,AGUA BLANCA,LICEO JUAN PABLO II,BARRIO EL CENTRO,47399729,RUTH CAROLINA SANABRIA ORELLANA,CARLOS OSMIN ORELLANA VICENTE,BASICO,PRIVADO,URBANA,ABIERTA,MONOLINGUE,SIN JORNADA,SEMIPRESENCIAL (UN DÍA A LA SEMANA),JUTIAPA
22-04-0050-45,22-011,JUTIAPA,AGUA BLANCA,INEB,ALDEA SANTA BÁRBARA,48383695,RUTH CAROLINA SANABRIA ORELLANA,WILLIAM LEONEL ALARCÓN,BASICO,OFICIAL,RURAL,ABIERTA,MONOLINGUE,VESPERTINA,DIARIO(REGULAR),JUTIAPA
22-04-0054-45,22-011,JUTIAPA,AGUA BLANCA,"LICEO ""SAN JUAN PABLO II""",BARRIO EL CENTRO,41024810,RUTH CAROLINA SANABRIA ORELLANA,KINVERLY DE MARÍA ORELLANA BELTRÁN,BASICO,PRIVADO,URBANA,ABIERTA,MONOLINGUE,VESPERTINA,DIARIO(REGULAR),JUTIAPA
22-04-0055-45,22-011,JUTIAPA,AGUA BLANCA,"LICEO ""SAN JUAN PABLO II""",BARRIO EL CENTRO,41024810,RUTH CAROLINA SANABRIA ORELLANA,CARLOS OSMIN ORELLANA VICENTE,BASICO,PRIVADO,URBANA,ABIERTA,MONOLINGUE,DOBLE,FIN DE SEMANA,JUTIAPA
22-04-0056-45,22-011,JUTIAPA,AGUA BLANCA,"LICEO ""SAN JUAN PABLO II""",BARRIO EL CENTRO,41024810,RUTH CAROLINA SANABRIA ORELLANA,CARLOS OSMIN ORELLANA VICENTE,BASICO,PRIVADO,URBANA,ABIERTA,MONOLINGUE,SIN JORNADA,SEMIPRESENCIAL (UN DÍA A LA SEMANA),JUTIAPA
22-04-0192-45,22-011,JUTIAPA,AGUA BLANCA,INEB CON ORIENTACION AGROPECUARIA,BARRIO TECUAN,78883980,RUTH CAROLINA SANABRIA ORELLANA,JUAN CARLOS MONTENEGRO MATTA,BASICO,OFICIAL,URBANA,ABIERTA,MONOLINGUE,MATUTINA,DIARIO(REGULAR),JUTIAPA
22-04-1799-45,22-011,JUTIAPA,AGUA BLANCA,INEB DE TELESECUNDARIA,ALDEA LA TUNA,,RUTH CAROLINA SANABRIA ORELLANA,ROSA LINDA ORELLANA VICENTE,BASICO,OFICIAL,RURAL,ABIERTA,MONOLINGUE,VESPERTINA,DIARIO(REGULAR),JUTIAPA
22-04-1904-45,22-011,JUTIAPA,AGUA BLANCA,INEB DE TELESECUNDARIA,ALDEA SANTA GERTRUDIS,,RUTH CAROLINA SANABRIA ORELLANA,GLENDY LIZETH ORTIZ ESCOBAR,BASICO,OFICIAL,RURAL,ABIERTA,MONOLINGUE,VESPERTINA,DIARIO(REGULAR),JUTIAPA
22-04-2000-45,22-012,JUTIAPA,AGUA BLANCA,INEB DE TELESECUNDARIA,ALDEA MONTE RICO,51346333,YELBELY ROXANA VEGA DONADO,FRANCIS REGINALDO AGUILAR RIVAS,BASICO,OFICIAL,RURAL,ABIERTA,MONOLINGUE,VESPERTINA,DIARIO(REGULAR),JUTIAPA
22-04-2088-45,22-011,JUTIAPA,AGUA BLANCA,INEB DE TELESECUNDARIA,ALDEA PAPALGUAPA,50024564,RUTH CAROLINA SANABRIA ORELLANA,DONALD WILFREDO AGUIRRE GUERRA,BASICO,OFICIAL,RURAL,ABIERTA,MONOLINGUE,VESPERTINA,DIARIO(REGULAR),JUTIAPA
22-04-2174-45,22-012,JUTIAPA,AGUA BLANCA,INEB DE TELESECUNDARIA,"CASERÍO LAS MAJADITAS, ALDEA LAS CAÑAS",45689817,YELBELY ROXANA VEGA DONADO,RUTH NOHEMÍ GARCÍA AGUIRRE,BASICO,OFICIAL,RURAL,ABIERTA,MONOLINGUE,MATUTINA,DIARIO(REGULAR),JUTIAPA
22-04-2175-45,22-011,JUTIAPA,AGUA BLANCA,INEB DE TELESECUNDARIA,ALDEA PIÑUELAS,42990398,RUTH CAROLINA SANABRIA ORELLANA,ALEXANDER OMAR ARANA MARTÍNEZ,BASICO,OFICIAL,RURAL,ABIERTA,MONOLINGUE,VESPERTINA,DIARIO(REGULAR),JUTIAPA
22-04-2292-45,22-011,JUTIAPA,AGUA BLANCA,NUCLEO FAMILIAR EDUCATIVO PARA EL DESARROLLO NUFED N. 19,ALDEA EL CARRIZO,,RUTH CAROLINA SANABRIA ORELLANA,MIRIAM AZUCENY ARGUETA BERGANZA,BASICO,OFICIAL,RURAL,ABIERTA,MONOLINGUE,VESPERTINA,DIARIO(REGULAR),JUTIAPA
22-04-2318-45,22-011,JUTIAPA,AGUA BLANCA,INEB COLEGIO PARTICULAR MIXTO AGUABLANQUENSE,BARRIO LAS CASITAS,44530074,RUTH CAROLINA SANABRIA ORELLANA,DONALD WILFREDO AGUIRRE GUERRA,BASICO,PRIVADO,URBANA,ABIERTA,MONOLINGUE,DOBLE,FIN DE SEMANA,JUTIAPA
22-05-0001-45,22-016,JUTIAPA,ASUNCION MITA,NUCLEO FAMILIAR EDUCATIVO PARA EL DESARROLLO NUFED NO. 621,ALDEA EL IZOTE,51742537,LESVIA YADIRA OLIVA TEO DE ALDANA,HUGO ISMAEL MÉNDEZ,BASICO,OFICIAL,RURAL,ABIERTA,MONOLINGUE,VESPERTINA,DIARIO(REGULAR),JUTIAPA
22-05-0020-45,22-009,JUTIAPA,ASUNCION MITA,INEB,BARRIO CENTRAL,78460340,GAUDY YADIRA ISABEL IXCHOP AMBROCIO,NORMA MARIZOL TRABANINO LÉMUS,BASICO,OFICIAL,URBANA,ABIERTA,MONOLINGUE,MATUTINA,DIARIO(REGULAR),JUTIAPA
22-05-0021-45,22-017,JUTIAPA,ASUNCION MITA,INEB DE TELESECUNDARIA,ALDEA ASUNCION GRANDE,56992289,SANDRA PATRICIA LOPEZ DE CAMBARA,JUDY JANNISSE JIMENEZ PINEDA,BASICO,OFICIAL,RURAL,ABIERTA,MONOLINGUE,VESPERTINA,DIARIO(REGULAR),JUTIAPA
22-05-0022-45,22-009,JUTIAPA,ASUNCION MITA,INEB DE TELESECUNDARIA,ALDEA SHANSHUL,,GAUDY YADIRA ISABEL IXCHOP AMBROCIO,CÉSAR AUGUSTO LÉMUS GÁMEZ,BASICO,OFICIAL,RURAL,ABIERTA,MONOLINGUE,VESPERTINA,DIARIO(REGULAR),JUTIAPA
22-05-0023-45,22-017,JUTIAPA,ASUNCION MITA,INEB DE TELESECUNDARIA,ALDEA SAN MATIAS,54978599,SANDRA PATRICIA LOPEZ DE CAMBARA,ANGÉLICA ANTONIETA ELVIRA LINARES,BASICO,OFICIAL,RURAL,ABIERTA,MONOLINGUE,VESPERTINA,DIARIO(REGULAR),JUTIAPA
22-05-0026-45,22-002,JUTIAPA,ASUNCION MITA,"COLEGIO CRISTIANO ""EL SHADDAI""","2A. CALLE 11-41 ZONA 2, BARRIO LA PROLAC",78460632,CARLOS HUMBERTO CRUZ ALAY,ERICK OSMANI CAMBARA RODRIGUEZ,BASICO,PRIVADO,URBANA,ABIERTA,MONOLINGUE,MATUTINA,DIARIO(REGULAR),JUTIAPA
22-05-0035-45,22-017,JUTIAPA,ASUNCION MITA,INSTITUTO TECNICO INDUSTRIAL HENRY FORD,BARRIO LA PAZ,78460721,SANDRA PATRICIA LOPEZ DE CAMBARA,NESTOR GONZALO RODRÍGUEZ COLINDRES,BASICO,PRIVADO,URBANA,ABIERTA,MONOLINGUE,DOBLE,FIN DE SEMANA,JUTIAPA
22-05-0037-45,22-017,JUTIAPA,ASUNCION MITA,INEB DE TELESECUNDARIA,ALDEA ANGUIATU FRONTERA,53386099,SANDRA PATRICIA LOPEZ DE CAMBARA,YESENIA MARISOL FLORES MEJÍA,BASICO,OFICIAL,RURAL,ABIERTA,MONOLINGUE,VESPERTINA,DIARIO(REGULAR),JUTIAPA
22-05-0041-45,22-017,JUTIAPA,ASUNCION MITA,INEB DE TELESECUNDARIA,ALDEA ESTANZUELA,58651373,SANDRA PATRICIA LOPEZ DE CAMBARA,ELSA NOELIA RUÍZ BARRIENTOS,BASICO,OFICIAL,RURAL,ABIERTA,MONOLINGUE,VESPERTINA,DIARIO(REGULAR),JUTIAPA
22-05-0042-45,22-016,JUTIAPA,ASUNCION MITA,INEB DE TELESECUNDARIA,ALDEA TABLON SAN BARTOLO,,LESVIA YADIRA OLIVA TEO DE ALDANA,VICENTE FERRY DE LEÓN GUZMÁN,BASICO,OFICIAL,RURAL,ABIERTA,MONOLINGUE,VESPERTINA,DIARIO(REGULAR),JUTIAPA
22-05-0049-45,22-017,JUTIAPA,ASUNCION MITA,COLEGIO PARTICULAR MIXTO LA INFANCIA,BARRIO CIELITO LINDO,78459771,SANDRA PATRICIA LOPEZ DE CAMBARA,ALBA LUZ SALAZAR RIVAS,BASICO,PRIVADO,URBANA,ABIERTA,MONOLINGUE,MATUTINA,DIARIO(REGULAR),JUTIAPA
22-05-0052-45,22-016,JUTIAPA,ASUNCION MITA,COLEGIO PARTICULAR MIXTO INTEGRAL JOSHUA,"CASA NO. 27, BARRIO LA FEDERAL",78460110,LESVIA YADIRA OLIVA TEO DE ALDANA,GAUDY YADIRA IXCHOP AMBROCIO,BASICO,PRIVADO,URBANA,ABIERTA,MONOLINGUE,MATUTINA,DIARIO(REGULAR),JUTIAPA
22-05-0054-45,22-017,JUTIAPA,ASUNCION MITA,INEB DE TELESECUNDARIA,ALDEA EL MANGUITO,42188376,SANDRA PATRICIA LOPEZ DE CAMBARA,KARLA MARÍA MÉNDEZ PALMA,BASICO,OFICIAL,RURAL,ABIERTA,MONOLINGUE,VESPERTINA,DIARIO(REGULAR),JUTIAPA
22-05-0055-45,22-017,JUTIAPA,ASUNCION MITA,"""LICEO TIUCAL""",ALDEA TIUCAL,57471233,SANDRA PATRICIA LOPEZ DE CAMBARA,DANY OBED LINARES ZEPEDA,BASICO,PRIVADO,RURAL,ABIERTA,MONOLINGUE,MATUTINA,DIARIO(REGULAR),JUTIAPA
22-05-0060-45,22-002,JUTIAPA,ASUNCION MITA,COLEGIO INTEGRAL SAGRADA FAMILIA,BARRIO EL CENTRO,78460481,CARLOS HUMBERTO CRUZ ALAY,LAURA YUBIXA MONROY,BASICO,PRIVADO,URBANA,ABIERTA,MONOLINGUE,DOBLE,FIN DE SEMANA,JUTIAPA
22-05-0064-45,22-017,JUTIAPA,ASUNCION MITA,COLEGIO PARTICULAR MIXTO MARÍA MONTESSORI,BARRIO LA LIBERTAD,78460050,SANDRA PATRICIA LOPEZ DE CAMBARA,LUIS FERNANDO SEGURA VÁSQUEZ,BASICO,PRIVADO,URBANA,ABIERTA,MONOLINGUE,VESPERTINA,DIARIO(REGULAR),JUTIAPA
22-05-0070-45,22-009,JUTIAPA,ASUNCION MITA,CENTRO EDUCATIVO DE INFORMÁTICA,BARRIO LA DEMOCRACIA,58538798,GAUDY YADIRA ISABEL IXCHOP AMBROCIO,ASTRID ROCÍO SALAZAR GARCÍA,BASICO,PRIVADO,URBANA,ABIERTA,MONOLINGUE,SIN JORNADA,SEMIPRESENCIAL (UN DÍA A LA SEMANA),JUTIAPA
22-05-0076-45,22-017,JUTIAPA,ASUNCION MITA,INSTITUTO TÉCNICO INDUSTRIAL HENRY FORD,BARRIO LA PAZ,78460721,SANDRA PATRICIA LOPEZ DE CAMBARA,NESTOR GONZALO RODRÍGUEZ COLINDRES,BASICO,PRIVADO,RURAL,ABIERTA,MONOLINGUE,SIN JORNADA,SEMIPRESENCIAL (UN DÍA A LA SEMANA),JUTIAPA
22-05-0236-45,22-009,JUTIAPA,ASUNCION MITA,INEB DR. FERNANDO SANDOVAL MONTALVO,KM. 145 1/2 RUTA INTERAMERICANA,78459150,GAUDY YADIRA ISABEL IXCHOP AMBROCIO,RAÚL ANTONIO CENTES MARTÍNEZ,BASICO,OFICIAL,URBANA,ABIERTA,MONOLINGUE,DOBLE,DIARIO(REGULAR),JUTIAPA
22-05-0238-45,22-017,JUTIAPA,ASUNCION MITA,"INSTITUTO PARTICULAR MIXTO ""MARIA CHINCHILLA""",BARRIO LA FEDERAL,78457668,SANDRA PATRICIA LOPEZ DE CAMBARA,SILVIA ERNESTINA MARTÍNEZ NAVAS,BASICO,PRIVADO,URBANA,ABIERTA,MONOLINGUE,MATUTINA,DIARIO(REGULAR),JUTIAPA
22-05-0303-45,22-017,JUTIAPA,ASUNCION MITA,"INSTITUTO DE EDUCACIÓN BÁSICA POR COOPERATIVA ""PROFA. MARIA ISABEL HERRERA DE ESTRADA""",ALDEA TIUCAL,78744300,SANDRA PATRICIA LOPEZ DE CAMBARA,KARINA GABRIELA ESCOBAR HERRARTE,BASICO,COOPERATIVA,RURAL,ABIERTA,MONOLINGUE,MATUTINA,DIARIO(REGULAR),JUTIAPA
22-05-1609-45,22-009,JUTIAPA,ASUNCION MITA,"INSTITUTO PARTICULAR MIXTO ""NUESTRA SEÑORA DE LA ASUNCION""",BARRIO LA PAZ,78459147,GAUDY YADIRA ISABEL IXCHOP AMBROCIO,JULIA ALICIA GARCÍA RAMÍREZ,BASICO,PRIVADO,URBANA,ABIERTA,MONOLINGUE,MATUTINA,DIARIO(REGULAR),JUTIAPA
22-05-1670-45,22-017,JUTIAPA,ASUNCION MITA,INEB DE TELESECUNDARIA,ALDEA TABLON SAN BARTOLO ALDEA GUEVARA,59424600,SANDRA PATRICIA LOPEZ DE CAMBARA,JENNIFER XIOMARA GARCIA CASTAÑEDA,BASICO,OFICIAL,RURAL,ABIERTA,MONOLINGUE,VESPERTINA,DIARIO(REGULAR),JUTIAPA
22-05-1671-45,22-009,JUTIAPA,ASUNCION MITA,INEB DE TELESECUNDARIA,ALDEA SANTA ELENA,57869423,GAUDY YADIRA ISABEL IXCHOP AMBROCIO,INMER MISRAÍ GARCÍA BERGANZA,BASICO,OFICIAL,RURAL,ABIERTA,MONOLINGUE,VESPERTINA,DIARIO(REGULAR),JUTIAPA
22-05-1801-45,22-009,JUTIAPA,ASUNCION MITA,INEB DE TELESECUNDARIA,ALDEA LOS AMATES,57792773,GAUDY YADIRA ISABEL IXCHOP AMBROCIO,THELMA YOLANDA RAMÍREZ MEDINA,BASICO,OFICIAL,RURAL,ABIERTA,MONOLINGUE,VESPERTINA,DIARIO(REGULAR),JUTIAPA
22-05-2077-45,22-017,JUTIAPA,ASUNCION MITA,INSTITUTO TECNICO INDUSTRIAL HENRY FORD,BARRIO CENTRAL,78459601,SANDRA PATRICIA LOPEZ DE CAMBARA,AURA MARINA JIMÉNEZ GASPARICO,BASICO,PRIVADO,URBANA,ABIERTA,MONOLINGUE,MATUTINA,DIARIO(REGULAR),JUTIAPA
22-05-2189-45,22-017,JUTIAPA,ASUNCION MITA,"INSTITUTO PARTICULAR MIXTO ""MARIA CHINCHILLA""",BARRIO LA FEDERAL,78457668,SANDRA PATRICIA LOPEZ DE CAMBARA,SILVIA ERNESTINA MARTÍNEZ NAVAS,BASICO,PRIVADO,URBANA,ABIERTA,MONOLINGUE,DOBLE,FIN DE SEMANA,JUTIAPA
22-05-2211-45,22-009,JUTIAPA,ASUNCION MITA,CENTRO EDUCATIVO DE INFORMATICA,BARRIO LA DEMOCRACIA,51072129,GAUDY YADIRA ISABEL IXCHOP AMBROCIO,ASTRID ROCÍO SALAZAR GARCÍA,BASICO,PRIVADO,URBANA,ABIERTA,MONOLINGUE,DOBLE,FIN DE SEMANA,JUTIAPA
22-05-2213-45,22-009,JUTIAPA,ASUNCION MITA,CENTRO EDUCATIVO DE INFORMATICA (POR MADUREZ),BARRIO LA DEMOCRACIA,78594625,GAUDY YADIRA ISABEL IXCHOP AMBROCIO,ASTRID ROCÍO SALAZAR GARCÍA,BASICO,PRIVADO,URBANA,ABIERTA,MONOLINGUE,DOBLE,FIN DE SEMANA,JUTIAPA
22-05-2319-45,22-017,JUTIAPA,ASUNCION MITA,INSTITUTO NACIONAL DE EDUCACION BASICA DE TELESECUNDARIA,ALDEA CERRO BLANCO,55333029,SANDRA PATRICIA LOPEZ DE CAMBARA,FREDY ARNOLDO TORRES GODOY,BASICO,OFICIAL,RURAL,ABIERTA,MONOLINGUE,VESPERTINA,DIARIO(REGULAR),JUTIAPA
22-05-2320-45,22-017,JUTIAPA,ASUNCION MITA,NUCLEO FAMILIAR EDUCATIVO PARA EL DESARROLLO NUFED NO.90,ALDEA TRAPICHE VARGAS,41823401,SANDRA PATRICIA LOPEZ DE CAMBARA,LUIS ALONSO LÓPEZ LINARES,BASICO,OFICIAL,RURAL,ABIERTA,MONOLINGUE,VESPERTINA,DIARIO(REGULAR),JUTIAPA
22-05-2321-45,22-009,JUTIAPA,ASUNCION MITA,NUCLEO FAMILIAR EDUCATIVO PARA EL DESARROLLO NUFED NO.91,ALDEA SITIO LAS FLORES,55229307,GAUDY YADIRA ISABEL IXCHOP AMBROCIO,ABEL ESTEBAN SOSA QUINTANILLA,BASICO,OFICIAL,RURAL,ABIERTA,MONOLINGUE,VESPERTINA,DIARIO(REGULAR),JUTIAPA
22-05-2340-45,22-009,JUTIAPA,ASUNCION MITA,INEB DE TELESECUNDARIA,ALDEA EL TAMARINDO,58248115,GAUDY YADIRA ISABEL IXCHOP AMBROCIO,DANY OBED LINARES ZEPEDA,BASICO,OFICIAL,RURAL,ABIERTA,MONOLINGUE,VESPERTINA,DIARIO(REGULAR),JUTIAPA
22-05-2437-45,22-014,JUTIAPA,ASUNCION MITA,LICEO MITECO,BARRIO LA LIBERTAD,,MARCO TULIO CASTILLO MELGAR,,BASICO,PRIVADO,URBANA,ABIERTA,MONOLINGUE,VESPERTINA,DIARIO(REGULAR),JUTIAPA
22-05-2438-45,22-017,JUTIAPA,ASUNCION MITA,COLEGIO INTEGRAL SAGRADA FAMILIA,BARRIO CENTRAL,78460481,SANDRA PATRICIA LOPEZ DE CAMBARA,LAURA YUBIXA MONROY,BASICO,PRIVADO,URBANA,ABIERTA,MONOLINGUE,VESPERTINA,DIARIO(REGULAR),JUTIAPA
22-05-2456-45,22-016,JUTIAPA,ASUNCION MITA,NUCLEO FAMILIAR EDUCATIVO PARA EL DESARROLLO NUFED NO.519,ALDEA TRAPICHE ABAJO,53444519,LESVIA YADIRA OLIVA TEO DE ALDANA,MILDRED SORAYDA HERNANDEZ ASENCIO,BASICO,OFICIAL,RURAL,ABIERTA,MONOLINGUE,VESPERTINA,DIARIO(REGULAR),JUTIAPA
22-05-2526-45,22-014,JUTIAPA,ASUNCION MITA,COLEGIO INTEGRAL BILINGUE GUATEMALA,BARRIO LA SUIZA,78460794,MARCO TULIO CASTILLO MELGAR,DELMY MARLENY PALMA Y PALMA,BASICO,PRIVADO,URBANA,ABIERTA,MONOLINGUE,VESPERTINA,DIARIO(REGULAR),JUTIAPA
22-06-0004-45,22-034,JUTIAPA,YUPILTEPEQUE,INEB DE TELESECUNDARIA,ALDEA LA PERLA,45472880,INMER WILFREDO VELASQUEZ DOMINGUEZ,ANA JULIA SAMAYOA GRIJALVA,BASICO,OFICIAL,RURAL,ABIERTA,MONOLINGUE,VESPERTINA,DIARIO(REGULAR),JUTIAPA
22-06-0013-45,22-034,JUTIAPA,YUPILTEPEQUE,INEB DE TELESECUNDARIA,"CASERIO LOS YANES, ALDEA LAS LAJAS",51245931,INMER WILFREDO VELASQUEZ DOMINGUEZ,FLORI ANAHÍ NAJARRO BARILLAS,BASICO,OFICIAL,RURAL,ABIERTA,MONOLINGUE,VESPERTINA,DIARIO(REGULAR),JUTIAPA
22-06-0014-45,22-034,JUTIAPA,YUPILTEPEQUE,INEB DE TELESECUNDARIA,ALDEA SAN JOSÉ VISTA HERMOSA,49751157,INMER WILFREDO VELASQUEZ DOMINGUEZ,MARIBEL ESPERANZA GODOY ARANA,BASICO,OFICIAL,RURAL,ABIERTA,MONOLINGUE,VESPERTINA,DIARIO(REGULAR),JUTIAPA
22-06-0017-45,22-034,JUTIAPA,YUPILTEPEQUE,LICEO YUPANO,BARRIO EL INSTITUTO,78820861,INMER WILFREDO VELASQUEZ DOMINGUEZ,INMER WILFREDO VELÁSQUEZ DOMÍNGUEZ,BASICO,PRIVADO,URBANA,ABIERTA,MONOLINGUE,VESPERTINA,DIARIO(REGULAR),JUTIAPA
22-06-0019-45,22-034,JUTIAPA,YUPILTEPEQUE,LICEO YUPANO,BARRIO EL CENTRO,78820861,INMER WILFREDO VELASQUEZ DOMINGUEZ,INMER WILFREDO VELÁSQUEZ DOMÍNGUEZ,BASICO,PRIVADO,URBANA,ABIERTA,MONOLINGUE,DOBLE,FIN DE SEMANA,JUTIAPA
22-06-0022-45,22-034,JUTIAPA,YUPILTEPEQUE,"COLEGIO PARTICULAR MIXTO ""BRISAS DEL CHINGO""",ALDEA ESTANZUELA,30602683,INMER WILFREDO VELASQUEZ DOMINGUEZ,ESTRELLA SOLEDAD CORADO GARCIA,BASICO,PRIVADO,RURAL,ABIERTA,MONOLINGUE,DOBLE,FIN DE SEMANA,JUTIAPA
22-06-0024-45,22-034,JUTIAPA,YUPILTEPEQUE,INSTITUTO PARTICULAR MIXTO EL JICARO,ALDEA EL JICARO,57407418,INMER WILFREDO VELASQUEZ DOMINGUEZ,YOSELINNE ESKARLETT MUÑOZ ZUÑIGA,BASICO,PRIVADO,RURAL,ABIERTA,MONOLINGUE,DOBLE,FIN DE SEMANA,JUTIAPA
22-06-0026-45,22-034,JUTIAPA,YUPILTEPEQUE,"""INSTITUTO PARTICULAR MIXTO EL JICARO""",ALDEA EL JCARO,57407418,INMER WILFREDO VELASQUEZ DOMINGUEZ,YOSELINNE ESKARLETT MUÑOZ ZUÑIGA,BASICO,PRIVADO,RURAL,ABIERTA,MONOLINGUE,DOBLE,FIN DE SEMANA,JUTIAPA
22-06-0028-45,22-034,JUTIAPA,YUPILTEPEQUE,LICEO YUPANO,BARRIO EL INSTITUTO,42321871,INMER WILFREDO VELASQUEZ DOMINGUEZ,INMER WILFREDO VELÁSQUEZ DOMÍNGUEZ,BASICO,PRIVADO,URBANA,ABIERTA,MONOLINGUE,SIN JORNADA,SEMIPRESENCIAL (UN DÍA A LA SEMANA),JUTIAPA
22-06-0032-45,22-034,JUTIAPA,YUPILTEPEQUE,"COLEGIO PARTICULAR MIXTO ""BRISAS DEL CHINGO""",ALDEA ESTANZUELA,30602683,INMER WILFREDO VELASQUEZ DOMINGUEZ,ESTRELLA SOLEDAD CORADO GARCIA,BASICO,PRIVADO,RURAL,ABIERTA,MONOLINGUE,SIN JORNADA,SEMIPRESENCIAL (UN DÍA A LA SEMANA),JUTIAPA
22-06-0036-45,22-034,JUTIAPA,YUPILTEPEQUE,"LICEO MIXTO EN COMPUTACIÓN ""MIRALVALLE NO. 2""",LOTE 12 Y 13 LOTIFICACIÓN VALLE VERDE,58428401,INMER WILFREDO VELASQUEZ DOMINGUEZ,BORIS LEONEL MARTÍNEZ CABRERA,BASICO,PRIVADO,URBANA,ABIERTA,MONOLINGUE,MATUTINA,DIARIO(REGULAR),JUTIAPA
22-06-0318-45,22-034,JUTIAPA,YUPILTEPEQUE,IEBC .,YUPILTEPEQUE,44787485,INMER WILFREDO VELASQUEZ DOMINGUEZ,EDWIN ORLANDO CISNEROS MARTINEZ,BASICO,COOPERATIVA,URBANA,ABIERTA,MONOLINGUE,VESPERTINA,DIARIO(REGULAR),JUTIAPA
22-06-0319-45,22-034,JUTIAPA,YUPILTEPEQUE,IEBC -,ALDEA EL JICARO,45350889,INMER WILFREDO VELASQUEZ DOMINGUEZ,CARLOS SANDOVAL,BASICO,COOPERATIVA,RURAL,ABIERTA,MONOLINGUE,VESPERTINA,DIARIO(REGULAR),JUTIAPA
22-06-2130-45,22-034,JUTIAPA,YUPILTEPEQUE,IEBC -,ALDEA EL AMATILLO,42577674,INMER WILFREDO VELASQUEZ DOMINGUEZ,MEILY ROXANA ASENCIO VALENZUELA,BASICO,COOPERATIVA,RURAL,ABIERTA,MONOLINGUE,VESPERTINA,DIARIO(REGULAR),JUTIAPA
22-06-2339-45,22-034,JUTIAPA,YUPILTEPEQUE,NUCLEO FAMILIAR EDUCATIVO PARA EL DESARROLLO NUFED NO.89,ALDEA EL LLANO,,INMER WILFREDO VELASQUEZ DOMINGUEZ,SANDY AZUCENA CISNEROS ESQUIVEL,BASICO,OFICIAL,RURAL,ABIERTA,MONOLINGUE,VESPERTINA,DIARIO(REGULAR),JUTIAPA
22-06-2341-45,22-034,JUTIAPA,YUPILTEPEQUE,INEB DE TELESECUNDARIA,ALDEA EL SILLON,52051835,INMER WILFREDO VELASQUEZ DOMINGUEZ,ANA DOLORES NAJARRO LOPEZ,BASICO,OFICIAL,RURAL,ABIERTA,MONOLINGUE,MATUTINA,DIARIO(REGULAR),JUTIAPA
22-06-2539-45,22-034,JUTIAPA,YUPILTEPEQUE,INEB DE TELESECUNDARIA,ALDEA EL CALVARIO,50368380,INMER WILFREDO VELASQUEZ DOMINGUEZ,DALY NATALY MONTENEGRO GODOY,BASICO,OFICIAL,RURAL,ABIERTA,MONOLINGUE,MATUTINA,DIARIO(REGULAR),JUTIAPA
22-06-2540-45,22-034,JUTIAPA,YUPILTEPEQUE,INEB DE TELESECUNDARIA,ALDEA ESTANZUELA,57601563,INMER WILFREDO VELASQUEZ DOMINGUEZ,VENERANDA DE JESÚS GODOY FLORES,BASICO,OFICIAL,RURAL,ABIERTA,MONOLINGUE,VESPERTINA,DIARIO(REGULAR),JUTIAPA
22-07-0001-45,22-020,JUTIAPA,ATESCATEMPA,NUCLEO FAMILAR EDUCATIVO PARA EL DESARROLLO NUFED NO. 619,ALDEA EL NARANJO,45862101,MARCELINA MARTINEZ GUEVARA DE HERNANDEZ,EDUARDO AVISAI ESTEBES HERNÁNDEZ,BASICO,OFICIAL,RURAL,ABIERTA,MONOLINGUE,VESPERTINA,DIARIO(REGULAR),JUTIAPA
22-07-0006-45,22-020,JUTIAPA,ATESCATEMPA,INEB,BARRIO LA FEDERAL,53090102,MARCELINA MARTINEZ GUEVARA DE HERNANDEZ,GUILLERMO ANIBAL RETANA CAMPOS,BASICO,OFICIAL,URBANA,ABIERTA,MONOLINGUE,MATUTINA,DIARIO(REGULAR),JUTIAPA
22-07-0007-45,22-020,JUTIAPA,ATESCATEMPA,INEB DE TELESECUNDARIA,ALDEA AMATEPEQUE,40974944,MARCELINA MARTINEZ GUEVARA DE HERNANDEZ,LUIS FERNANDO ALONZO HERRERA,BASICO,OFICIAL,RURAL,ABIERTA,MONOLINGUE,VESPERTINA,DIARIO(REGULAR),JUTIAPA
22-07-0017-45,22-020,JUTIAPA,ATESCATEMPA,"COLEGIO EVANGÉLICO PARTICULAR MIXTO ""CENTROAMERICANO""",BARRIO LA CEIBA,53829069,MARCELINA MARTINEZ GUEVARA DE HERNANDEZ,YOHELA SAMARIA ORELLANA ROSALES,BASICO,PRIVADO,URBANA,ABIERTA,MONOLINGUE,MATUTINA,DIARIO(REGULAR),JUTIAPA
22-07-0020-45,22-020,JUTIAPA,ATESCATEMPA,"COLEGIO PRIVADO ""SAN FRANCISCO DE ASÍS""","ZONA 0, BARRIO HERRADURA",30394472,MARCELINA MARTINEZ GUEVARA DE HERNANDEZ,ANA RUTH VALLE SALAZAR,BASICO,PRIVADO,URBANA,ABIERTA,MONOLINGUE,VESPERTINA,DIARIO(REGULAR),JUTIAPA
22-07-0022-45,22-020,JUTIAPA,ATESCATEMPA,"COLEGIO PRIVADO ""SAN FRANCISCO DE ASÍS""",ZONA 0 BARRIO CENTRO,30394472,MARCELINA MARTINEZ GUEVARA DE HERNANDEZ,ANA RUTH VALLE SALAZAR,BASICO,PRIVADO,URBANA,ABIERTA,MONOLINGUE,DOBLE,FIN DE SEMANA,JUTIAPA
22-07-0024-45,22-020,JUTIAPA,ATESCATEMPA,ESCUELA DE CIENCIAS EMPRESARIALES ECCE,BARRIO EL CENTRO,50421492,MARCELINA MARTINEZ GUEVARA DE HERNANDEZ,MARCOS VINICIO GARCÍA HERRERA,BASICO,PRIVADO,URBANA,ABIERTA,MONOLINGUE,MATUTINA,DIARIO(REGULAR),JUTIAPA
22-07-0025-45,22-020,JUTIAPA,ATESCATEMPA,INSTITUTO MUNICIPAL DE EDUCACIÓN BÁSICA,"ALDEA SAN CRISTOBAL, FRONTERA",40999960,MARCELINA MARTINEZ GUEVARA DE HERNANDEZ,SONIA LISETH GARCÍA GUZMAN,BASICO,MUNICIPAL,RURAL,ABIERTA,MONOLINGUE,VESPERTINA,DIARIO(REGULAR),JUTIAPA
22-07-0030-45,22-020,JUTIAPA,ATESCATEMPA,"COLEGIO PRIVADO ""SAN FRANCISCO DE ASIS""","ZONA 0, BARRIO LAS ROSAS",30394472,MARCELINA MARTINEZ GUEVARA DE HERNANDEZ,ANA RUTH VALLE SALAZAR,BASICO,PRIVADO,URBANA,ABIERTA,MONOLINGUE,SIN JORNADA,SEMIPRESENCIAL (UN DÍA A LA SEMANA),JUTIAPA
22-07-0032-45,22-020,JUTIAPA,ATESCATEMPA,COLEGIO PRIVADO INNOVADOR TECNOLÓGICO GUATEMALTECO,"ZONA 0, BARRIO EL CENTRO",30394472,MARCELINA MARTINEZ GUEVARA DE HERNANDEZ,ANA RUTH VALLE SALAZAR,BASICO,PRIVADO,URBANA,ABIERTA,MONOLINGUE,VESPERTINA,VIRTUAL A DISTANCIA,JUTIAPA
22-07-0034-45,22-020,JUTIAPA,ATESCATEMPA,"COLEGIO PARTICULAR MIXTO ""SAN CRISTÓBAL""","ALDEA SAN CRISTÓBAL, FRONTERA",45736655,MARCELINA MARTINEZ GUEVARA DE HERNANDEZ,HAIVIN ESTRADA DE ELVIRA,BASICO,PRIVADO,RURAL,ABIERTA,MONOLINGUE,SIN JORNADA,SEMIPRESENCIAL (UN DÍA A LA SEMANA),JUTIAPA
22-07-0326-45,22-020,JUTIAPA,ATESCATEMPA,NUCLEO FAMILIAR EDUCATIVO PARA EL DESARROLLO NUFED NO. 7,ALDEA HORCONES,31796243,MARCELINA MARTINEZ GUEVARA DE HERNANDEZ,OFELIA GUERRA PADILLA,BASICO,OFICIAL,RURAL,ABIERTA,MONOLINGUE,MATUTINA,DIARIO(REGULAR),JUTIAPA
22-07-0327-45,22-020,JUTIAPA,ATESCATEMPA,IEBC .,BARRIO LA FEDERAL,55786708,MARCELINA MARTINEZ GUEVARA DE HERNANDEZ,ALEZDA EUNICE VÁSQUEZ,BASICO,COOPERATIVA,URBANA,ABIERTA,MONOLINGUE,VESPERTINA,DIARIO(REGULAR),JUTIAPA
22-07-0329-45,22-020,JUTIAPA,ATESCATEMPA,DE EDUCACION BASICA LICEO SAN CRISTOBAL,ALDEA SAN CRISTOBAL FRONTERA,78845586,MARCELINA MARTINEZ GUEVARA DE HERNANDEZ,MARLON ESTUARDO PINTO PIMENTEL,BASICO,PRIVADO,RURAL,ABIERTA,MONOLINGUE,VESPERTINA,DIARIO(REGULAR),JUTIAPA
22-07-1837-45,22-020,JUTIAPA,ATESCATEMPA,ESCUELA DE CIENCIAS EMPRESARIALES ECCE,BARRIO EL CENTRO,50421492,MARCELINA MARTINEZ GUEVARA DE HERNANDEZ,MARCOS VINICIO GARCÍA HERRERA,BASICO,PRIVADO,URBANA,ABIERTA,MONOLINGUE,DOBLE,FIN DE SEMANA,JUTIAPA
22-07-2121-45,22-020,JUTIAPA,ATESCATEMPA,IEBC .,ALDEA CONTEPEQUE,53090102,MARCELINA MARTINEZ GUEVARA DE HERNANDEZ,GUILLERMO ANIBAL RETANA CAMPOS,BASICO,COOPERATIVA,RURAL,ABIERTA,MONOLINGUE,VESPERTINA,DIARIO(REGULAR),JUTIAPA
22-07-2322-45,22-020,JUTIAPA,ATESCATEMPA,NUCLEO FAMILIAR EDUCATIVO PARA EL DESARROLLO NUFED NO. 220,CASERIO VALLE ABAJO ALDEA CONTEPEQUE,40536484,MARCELINA MARTINEZ GUEVARA DE HERNANDEZ,LESVIA LETICIA GÓMEZ HERRERA,BASICO,OFICIAL,RURAL,ABIERTA,MONOLINGUE,VESPERTINA,DIARIO(REGULAR),JUTIAPA
22-07-2323-45,22-020,JUTIAPA,ATESCATEMPA,COLEGIO PARTICULAR MIXTO SAN CRISTOBAL,ALDEA SAN CRISTOBAL FRONTERA,,MARCELINA MARTINEZ GUEVARA DE HERNANDEZ,HAIVIN ESTRADA DE ELVIRA,BASICO,PRIVADO,RURAL,ABIERTA,MONOLINGUE,DOBLE,FIN DE SEMANA,JUTIAPA
22-07-2443-45,22-020,JUTIAPA,ATESCATEMPA,LICEO ATESCATEMPA,2A. AVENIDA 3-19 ZONA 1,,MARCELINA MARTINEZ GUEVARA DE HERNANDEZ,,BASICO,PRIVADO,URBANA,ABIERTA,MONOLINGUE,MATUTINA,DIARIO(REGULAR),JUTIAPA
22-07-2496-45,22-020,JUTIAPA,ATESCATEMPA,COLEGIO PARTICULAR MIXTO SAN CRISTOBAL,ALDEA SAN CRISTOBAL FRONTERA,78845584,MARCELINA MARTINEZ GUEVARA DE HERNANDEZ,HAIVIN ESTRADA DE ELVIRA,BASICO,PRIVADO,RURAL,ABIERTA,MONOLINGUE,MATUTINA,DIARIO(REGULAR),JUTIAPA
22-08-0003-45,22-021,JUTIAPA,JEREZ,INEB,CABECERA MUNICIPAL,35978588,INMER WILFREDO VELASQUEZ DOMINGUEZ,FELICITO ARÉVALO ZEPEDA,BASICO,OFICIAL,URBANA,ABIERTA,MONOLINGUE,MATUTINA,DIARIO(REGULAR),JUTIAPA
22-08-0004-45,22-021,JUTIAPA,JEREZ,INEB DE TELESECUNDARIA,ALDEA ESCARBADEROS,,INMER WILFREDO VELASQUEZ DOMINGUEZ,ARMANDO ISRAEL RAMOS CHACHAGUA,BASICO,OFICIAL,RURAL,ABIERTA,MONOLINGUE,VESPERTINA,DIARIO(REGULAR),JUTIAPA
22-08-0006-45,22-021,JUTIAPA,JEREZ,INEB DE TELESECUNDARIA,CASERIO EL PINALITO,53231822,INMER WILFREDO VELASQUEZ DOMINGUEZ,JAIME ALEXANDER SAMAYOA RAMÍREZ,BASICO,OFICIAL,RURAL,ABIERTA,MONOLINGUE,VESPERTINA,DIARIO(REGULAR),JUTIAPA
22-08-0355-45,22-021,JUTIAPA,JEREZ,IEBC .,JEREZ,59454402,INMER WILFREDO VELASQUEZ DOMINGUEZ,SANDRA ARELY MELGAR Y MELGAR,BASICO,COOPERATIVA,URBANA,ABIERTA,MONOLINGUE,VESPERTINA,DIARIO(REGULAR),JUTIAPA
22-09-0001-45,22-019,JUTIAPA,EL ADELANTO,INEB DE TELESECUNDARIA,ALDEA EL TRAPICHE,50121648,ARTURO CARDONA CHINCHILLA,BRENDA LAURA CORTÉZ LATÍN,BASICO,OFICIAL,RURAL,ABIERTA,MONOLINGUE,MATUTINA,DIARIO(REGULAR),JUTIAPA
22-09-0005-45,22-019,JUTIAPA,EL ADELANTO,INEB DE TELESECUNDARIA,ALDEA NUEVA LIBERTAD,30256986,ARTURO CARDONA CHINCHILLA,YANETH MARISOL LINARES GRIJALVA,BASICO,OFICIAL,RURAL,ABIERTA,MONOLINGUE,VESPERTINA,DIARIO(REGULAR),JUTIAPA
22-09-0006-45,22-019,JUTIAPA,EL ADELANTO,INEB DE TELESECUNDARIA,ALDEA CHINAMAS,42568414,ARTURO CARDONA CHINCHILLA,MARIO ROBERTO LÉMUS LÓPEZ,BASICO,OFICIAL,RURAL,ABIERTA,MONOLINGUE,MATUTINA,DIARIO(REGULAR),JUTIAPA
22-09-0012-45,22-019,JUTIAPA,EL ADELANTO,"COLEGIO INTEGRAL ""CIENCIA Y DESARROLLO""",BARRIO ARRIBA,47238580,ARTURO CARDONA CHINCHILLA,CARLOS ARTURO SABÁ NAJARRO,BASICO,PRIVADO,URBANA,ABIERTA,MONOLINGUE,DOBLE,FIN DE SEMANA,JUTIAPA
22-09-0015-45,22-019,JUTIAPA,EL ADELANTO,"COLEGIO INTEGRAL ""CIENCIA Y DESARROLLO""",BARRIO SITIO ARRIBA,32310656,ARTURO CARDONA CHINCHILLA,CARLOS ARTURO SABÁ NAJARRO,BASICO,PRIVADO,URBANA,ABIERTA,MONOLINGUE,VESPERTINA,DIARIO(REGULAR),JUTIAPA
22-09-0016-45,22-019,JUTIAPA,EL ADELANTO,COLEGIO INTEGRAL CIENCIA Y DESARROLLO,BARRIO SITIO ARRIBA,47238580,ARTURO CARDONA CHINCHILLA,CARLOS ARTURO SABÁ NAJARRO,BASICO,PRIVADO,URBANA,ABIERTA,MONOLINGUE,SIN JORNADA,SEMIPRESENCIAL (UN DÍA A LA SEMANA),JUTIAPA
22-09-0018-45,22-019,JUTIAPA,EL ADELANTO,INEB DE TELESECUNDARIA,ALDEA EL ZARON,41425903,ARTURO CARDONA CHINCHILLA,MAYLIN YOLENI CORADO CHINCHILLA,BASICO,OFICIAL,RURAL,ABIERTA,MONOLINGUE,VESPERTINA,DIARIO(REGULAR),JUTIAPA
22-09-0364-45,22-019,JUTIAPA,EL ADELANTO,IEBC --,BARRIO SITIO ARRIBA,,ARTURO CARDONA CHINCHILLA,WILLIAM FRANCISCO CORADO QUIÑONEZ,BASICO,COOPERATIVA,URBANA,ABIERTA,MONOLINGUE,VESPERTINA,DIARIO(REGULAR),JUTIAPA
22-10-0009-45,22-004,JUTIAPA,ZAPOTITLAN,INEB DE TELESECUNDARIA,ALDEA EL PINAL,47942949,MARA ALEIDA QUIÑONEZ Y QUIÑONEZ,ELDA MARITZA VALENZUELA ASENCIO,BASICO,OFICIAL,RURAL,ABIERTA,MONOLINGUE,VESPERTINA,DIARIO(REGULAR),JUTIAPA
22-10-0019-45,22-004,JUTIAPA,ZAPOTITLAN,INEB DE TELESECUNDARIA,ALDEA TALPETATES,,MARA ALEIDA QUIÑONEZ Y QUIÑONEZ,ENA AMABILIA BARRIENTOS ASENCIO,BASICO,OFICIAL,RURAL,ABIERTA,MONOLINGUE,VESPERTINA,DIARIO(REGULAR),JUTIAPA
22-10-0022-45,22-004,JUTIAPA,ZAPOTITLAN,COLEGIO MIXTO BILINGUE SANTA FE,BARRIO LA JOYA,57002673,MARA ALEIDA QUIÑONEZ Y QUIÑONEZ,WILSON QUIÑONEZ GARCÍA,BASICO,PRIVADO,URBANA,ABIERTA,MONOLINGUE,DOBLE,FIN DE SEMANA,JUTIAPA
22-10-0023-45,22-004,JUTIAPA,ZAPOTITLAN,COLEGIO MIXTO BILINGUE SANTA FE,BARRIO LA JOYA,57002673,MARA ALEIDA QUIÑONEZ Y QUIÑONEZ,WILSON QUIÑONEZ GARCÍA,BASICO,PRIVADO,URBANA,ABIERTA,MONOLINGUE,SIN JORNADA,SEMIPRESENCIAL (UN DÍA A LA SEMANA),JUTIAPA
22-10-0379-45,22-004,JUTIAPA,ZAPOTITLAN,"INSTITUTO DE EDUCACION BASICA POR COOPERATIVA ""PROFESOR RODERICO GRIJALVA Y GRIJALVA""",CABECERA MUNICIPAL,32182426,MARA ALEIDA QUIÑONEZ Y QUIÑONEZ,EDVIN LEONEL LIMA QUIÑONEZ,BASICO,COOPERATIVA,URBANA,ABIERTA,MONOLINGUE,VESPERTINA,DIARIO(REGULAR),JUTIAPA
22-10-1800-45,22-004,JUTIAPA,ZAPOTITLAN,INEB DE TELESECUNDARIA,ALDEA SAN ANTONIO PAPATURRO,42974997,MARA ALEIDA QUIÑONEZ Y QUIÑONEZ,ERVIN JOSUÉ NAJARRO QUIÑÓNEZ,BASICO,OFICIAL,RURAL,ABIERTA,MONOLINGUE,VESPERTINA,DIARIO(REGULAR),JUTIAPA
22-10-2158-45,22-004,JUTIAPA,ZAPOTITLAN,INEB DE TELESECUNDARIA,ALDEA LA CEIBITA,41963214,MARA ALEIDA QUIÑONEZ Y QUIÑONEZ,ALFREDO ANTONIO VÁSQUEZ CAMPOS,BASICO,OFICIAL,RURAL,ABIERTA,MONOLINGUE,VESPERTINA,DIARIO(REGULAR),JUTIAPA
22-10-2497-45,22-004,JUTIAPA,ZAPOTITLAN,INEB DE TELESECUNDARIA,ALDEA LAS FLORES,,MARA ALEIDA QUIÑONEZ Y QUIÑONEZ,WENDY MARILÚ RAMÍREZ ARANA,BASICO,OFICIAL,RURAL,ABIERTA,MONOLINGUE,VESPERTINA,DIARIO(REGULAR),JUTIAPA
22-11-0039-45,22-022,JUTIAPA,COMAPA,INEB,CABECERA MUNICIPAL,58006042,JULIO RENE HERNANDEZ GONZALEZ,DUNIA ADALGIZA VÁSQUEZ RECINOS,BASICO,OFICIAL,URBANA,ABIERTA,MONOLINGUE,VESPERTINA,DIARIO(REGULAR),JUTIAPA
22-11-0040-45,22-022,JUTIAPA,COMAPA,INEB DE TELESECUNDARIA,"CASERIO EL CHINCHINTOR, ALDEA SAN JOSE",45254887,JULIO RENE HERNANDEZ GONZALEZ,JUAN FRANCISCO TORRENTO GARZA,BASICO,OFICIAL,RURAL,ABIERTA,MONOLINGUE,VESPERTINA,DIARIO(REGULAR),JUTIAPA
22-11-0064-45,22-022,JUTIAPA,COMAPA,COLEGIO PARTICULAR MIXTO NUESTRA SEÑORA DE CONCEPCION,.,57265163,JULIO RENE HERNANDEZ GONZALEZ,ELIZANDRO BATÉN MARTÍNEZ,BASICO,PRIVADO,URBANA,ABIERTA,MONOLINGUE,DOBLE,FIN DE SEMANA,JUTIAPA
22-11-0073-45,22-028,JUTIAPA,COMAPA,"COLEGIO PARTICULAR MIXTO ""LICEO ESTANZUELA""",ALDEA ESTANZUELA,53421606,EMERSON RAUL ORTIZ LOPEZ,SULVIA ALEJANDRA CORADO ASENCIO,BASICO,PRIVADO,RURAL,ABIERTA,MONOLINGUE,VESPERTINA,DIARIO(REGULAR),JUTIAPA
22-11-0076-45,22-022,JUTIAPA,COMAPA,INSTITUTO PARTICULAR MIXTO DE FORMACIÓN Y DESARROLLO PROFESIONAL INDEFORP,ENTRADA AL MUNICIPIO DE COMAPA,53486062,JULIO RENE HERNANDEZ GONZALEZ,RAFAEL GONZÁLEZ ANDRINO,BASICO,PRIVADO,URBANA,ABIERTA,MONOLINGUE,DOBLE,FIN DE SEMANA,JUTIAPA
22-11-0077-45,22-022,JUTIAPA,COMAPA,INSTITUTO PARTICULAR MIXTO DE FORMACIÓN Y DESARROLLO PROFESIONAL INDEFORP,ENTRADA AL MUNICIPIO DE COMAPA,53486062,JULIO RENE HERNANDEZ GONZALEZ,ODELIA NOEMÍ BARAHONA GARCÍA,BASICO,PRIVADO,URBANA,ABIERTA,MONOLINGUE,MATUTINA,DIARIO(REGULAR),JUTIAPA
22-11-0081-45,22-022,JUTIAPA,COMAPA,-CEEX-,CABECERA MUNICIPAL,45361887,JULIO RENE HERNANDEZ GONZALEZ,BRÁYAN LEONEL GONZÁLEZ CHACÓN,BASICO,PRIVADO,URBANA,ABIERTA,MONOLINGUE,DOBLE,FIN DE SEMANA,JUTIAPA
22-11-0082-45,22-028,JUTIAPA,COMAPA,COLEGIO PARTICULAR MIXTO LICEO ESTANZUELA,ALDEA ESTANZUELA,53421606,EMERSON RAUL ORTIZ LOPEZ,SULVIA ALEJANDRA CORADO ASENCIO,BASICO,PRIVADO,RURAL,ABIERTA,MONOLINGUE,DOBLE,FIN DE SEMANA,JUTIAPA
22-11-0084-45,22-028,JUTIAPA,COMAPA,"INSTITUTO PARTICULAR FORMACION Y DESARROLLO PROFESIONAL ""INDEFORP II""","CASERIO SAN MIGUEL, ALDEA ESCUINAPA.",53486062,EMERSON RAUL ORTIZ LOPEZ,EDWIN MARCIANO VALDÉZ ARANA,BASICO,PRIVADO,RURAL,ABIERTA,MONOLINGUE,DOBLE,FIN DE SEMANA,JUTIAPA
22-11-0088-45,22-028,JUTIAPA,COMAPA,"CENTRO DE FORMACIÓN BÁSICA CEFOBA ""PALO BLANCO""",KILOMETRO 112-5 CARRETARA CA-8,31624854,EMERSON RAUL ORTIZ LOPEZ,MARÍA ANTONIETA ARANA CRISPÍN,BASICO,PRIVADO,URBANA,ABIERTA,MONOLINGUE,MATUTINA,DIARIO(REGULAR),JUTIAPA
22-11-0090-45,22-022,JUTIAPA,COMAPA,"COLEGIO PARTICULAR MIXTO ""NUESTRA SEÑORA DE CONCEPCIÓN""",BARRIO CATÓLICO,33764307,JULIO RENE HERNANDEZ GONZALEZ,ELIZANDRO BATÉN MARTÍNEZ,BASICO,PRIVADO,URBANA,ABIERTA,MONOLINGUE,SIN JORNADA,SEMIPRESENCIAL (UN DÍA A LA SEMANA),JUTIAPA
22-11-0092-45,22-022,JUTIAPA,COMAPA,COLEGIO PARTICULAR MIXTO SAN FRANCISCO,"CASERIO LAS PILAS, ALDEA ESCUINAPA",45039654,JULIO RENE HERNANDEZ GONZALEZ,KAREN ELIZABETH ORTÍZ LÓPEZ,BASICO,PRIVADO,RURAL,ABIERTA,MONOLINGUE,SIN JORNADA,SEMIPRESENCIAL (UN DÍA A LA SEMANA),JUTIAPA
22-11-0097-45,22-028,JUTIAPA,COMAPA,"INSTITUTO PARTICULAR FORMACIÓN Y DESARROLLO PROFESIONAL ""INDEFORP II""","CASERÍO SAN MIGUEL, ALDEA ESCUINAPA",53486062,EMERSON RAUL ORTIZ LOPEZ,EDWIN MARCIANO VALDÉZ ARANA,BASICO,PRIVADO,RURAL,ABIERTA,MONOLINGUE,SIN JORNADA,SEMIPRESENCIAL (UN DÍA A LA SEMANA),JUTIAPA
22-11-0382-45,22-022,JUTIAPA,COMAPA,IEBC DE ENSEÑANZA,BARRIO LOS ANGELES,,JULIO RENE HERNANDEZ GONZALEZ,ROGELIO TOBAR GONZÁLEZ,BASICO,COOPERATIVA,URBANA,ABIERTA,MONOLINGUE,VESPERTINA,DIARIO(REGULAR),JUTIAPA
22-11-2269-45,22-022,JUTIAPA,COMAPA,IEBC DE ENSEÑANZA,ALDEA CAPARROZA,,JULIO RENE HERNANDEZ GONZALEZ,JAVIER CASTRO FORONDA,BASICO,COOPERATIVA,RURAL,ABIERTA,MONOLINGUE,VESPERTINA,DIARIO(REGULAR),JUTIAPA
22-11-2270-45,22-028,JUTIAPA,COMAPA,NUCLEO FAMILIAR EDUCATIVO PARA EL DESARROLLO NUFED,CASERIO COPALAPA ALDEA EL CARRIZO,40821842,EMERSON RAUL ORTIZ LOPEZ,EDRAS ELIEL VÁSQUEZ MÁRQUEZ,BASICO,OFICIAL,RURAL,ABIERTA,MONOLINGUE,DOBLE,DIARIO(REGULAR),JUTIAPA
22-11-2302-45,22-028,JUTIAPA,COMAPA,NUCLEO FAMILIAR EDUCATIVO PARA EL DESARROLLO NUFED NO.88,ALDEA SAN CRISTOBAL,53156048,EMERSON RAUL ORTIZ LOPEZ,MARÍA FELÍCITA BARRERA BARCO,BASICO,OFICIAL,RURAL,ABIERTA,MONOLINGUE,DOBLE,DIARIO(REGULAR),JUTIAPA
22-11-2305-45,22-028,JUTIAPA,COMAPA,NUCLEO FAMILIAR EDUCATIVO PARA EL DESARROLLO NUFED NO. 87,ALDEA ESTANZUELA,30036509,EMERSON RAUL ORTIZ LOPEZ,WILINTON ESAÚ RAMÍREZ GARCÍA,BASICO,OFICIAL,RURAL,ABIERTA,MONOLINGUE,DOBLE,DIARIO(REGULAR),JUTIAPA
22-11-2306-45,22-028,JUTIAPA,COMAPA,NUCLEO FAMILIAR EDUCATIVO PARA EL DESARROLLO NUFED NO. 203,ALDEA ESCUINAPA,58305964,EMERSON RAUL ORTIZ LOPEZ,EDWIN FERNANDO VÁSQUEZ SANTIAGO,BASICO,OFICIAL,RURAL,ABIERTA,MONOLINGUE,DOBLE,DIARIO(REGULAR),JUTIAPA
22-11-2307-45,22-028,JUTIAPA,COMAPA,NUCLEO FAMILIAR EDUCATIVO PARA EL DESARROLLO NUFED NO.308,ALDEA EL GUACHIPILIN,31328418,EMERSON RAUL ORTIZ LOPEZ,KARLIN EMILSA GARCIA HERNANDEZ,BASICO,OFICIAL,RURAL,ABIERTA,MONOLINGUE,DOBLE,DIARIO(REGULAR),JUTIAPA
22-11-2337-45,22-022,JUTIAPA,COMAPA,NUCLEO FAMILIAR EDUCATIVO PARA EL DESARROLLO NUFED NO. 309,CASERIO SAN JUAN ALDEA SAN JOSE,,JULIO RENE HERNANDEZ GONZALEZ,EDRAS ELIEL VÁSQUEZ MÁRQUEZ,BASICO,OFICIAL,RURAL,ABIERTA,MONOLINGUE,MATUTINA,DIARIO(REGULAR),JUTIAPA
22-11-2449-45,22-022,JUTIAPA,COMAPA,LICEO PARTICULAR MIXTO 'MANANTIAL DE VIDA',"CALLE MANANTIAL DE VIDA, BARRIO EL CENTRO",45974231,JULIO RENE HERNANDEZ GONZALEZ,BIDKAR ARMANDO NAJARRO CONTRERAS,BASICO,PRIVADO,URBANA,ABIERTA,MONOLINGUE,VESPERTINA,DIARIO(REGULAR),JUTIAPA
22-11-2451-45,22-028,JUTIAPA,COMAPA,NUCLEO FAMILIAR EDUCATIVO PARA EL DESARROLLO NUFED NO. 500,CASERIO LAS PILAS ALDEA ESCUINAPA,48989765,EMERSON RAUL ORTIZ LOPEZ,NOÉ NAÍN RAMÍREZ GARCÍA,BASICO,OFICIAL,RURAL,ABIERTA,MONOLINGUE,VESPERTINA,DIARIO(REGULAR),JUTIAPA
22-11-2452-45,22-028,JUTIAPA,COMAPA,NUCLEO FAMILIAR EDUCATIVO PARA EL DESARROLLO NUFED NO. 465,ALDEA EL PINAL,,EMERSON RAUL ORTIZ LOPEZ,TELMA EUNICE SAMAYOA Y SAMAYOA,BASICO,OFICIAL,RURAL,ABIERTA,MONOLINGUE,MATUTINA,DIARIO(REGULAR),JUTIAPA
22-11-2453-45,22-028,JUTIAPA,COMAPA,NUCLEO FAMILIAR EDUCATIVO PARA EL DESARROLLO NUFED NO. 467,CASERIO POSAS BLANCAS ALDEA EL CARRIZO,30989159,EMERSON RAUL ORTIZ LOPEZ,MARÍA IDALIA MARTÍNEZ SÁNCHEZ,BASICO,OFICIAL,RURAL,ABIERTA,MONOLINGUE,DOBLE,DIARIO(REGULAR),JUTIAPA
22-11-2454-45,22-022,JUTIAPA,COMAPA,NUCLEO FAMILIAR EDUCATIVO PARA EL DESARROLLO NUFED NO. 518,CASERIO IXCANAL ALDEA SAN CRISTOBAL,46577883,JULIO RENE HERNANDEZ GONZALEZ,ANA LORENA VÁSQUEZ VASQUEZ,BASICO,OFICIAL,RURAL,ABIERTA,MONOLINGUE,MATUTINA,DIARIO(REGULAR),JUTIAPA
22-11-2455-45,22-022,JUTIAPA,COMAPA,NUCLEO FAMILIAR EDUCATIVO PARA EL DESARROLLO NUFED NO. 520,CASERIO TEPENANCE ALDEA EL CARRIZO,42478070,JULIO RENE HERNANDEZ GONZALEZ,SANTOS YEVENY MARTÍNEZ SÁNCHEZ,BASICO,OFICIAL,RURAL,ABIERTA,MONOLINGUE,MATUTINA,DIARIO(REGULAR),JUTIAPA
22-12-0016-45,22-033,JUTIAPA,JALPATAGUA,COLEGIO BILINGUE NUEVA ERA,2A. AVE Y 4TA. CALLE ESQUINA ZONA 2,34594852,CESAR AUGUSTO CUMES CERMEÑO,SUSELI YOMARA RUANO BARAHONA,BASICO,PRIVADO,URBANA,ABIERTA,MONOLINGUE,VESPERTINA,DIARIO(REGULAR),JUTIAPA
22-12-0017-45,22-033,JUTIAPA,JALPATAGUA,NUCLEO FAMILIAR EDUCATIVO PARA EL DESARROLLO NUFED NÚMERO 618,ALDEA MONZON,31666103,CESAR AUGUSTO CUMES CERMEÑO,ANA LIZETH GARCIA LOAIZA,BASICO,OFICIAL,RURAL,ABIERTA,MONOLINGUE,VESPERTINA,DIARIO(REGULAR),JUTIAPA
22-12-0018-45,22-033,JUTIAPA,JALPATAGUA,INEB,CASERIO EL CIPRES ALDEA SAN IXTAN,33203200,CESAR AUGUSTO CUMES CERMEÑO,HERMIDES MARTINEZ HERNANDEZ,BASICO,OFICIAL,RURAL,ABIERTA,MONOLINGUE,VESPERTINA,DIARIO(REGULAR),JUTIAPA
22-12-0019-45,22-029,JUTIAPA,JALPATAGUA,INEB,ALDEA VALLE NUEVO,30821644,CARLOS ALBERTO LOPEZ ARCHILA,GLENDA MARIEL MAGAÑA SARCEÑO,BASICO,OFICIAL,RURAL,ABIERTA,MONOLINGUE,MATUTINA,DIARIO(REGULAR),JUTIAPA
22-12-0020-45,22-029,JUTIAPA,JALPATAGUA,INEB DE TELESECUNDARIA,ALDEA LA UNION,,CARLOS ALBERTO LOPEZ ARCHILA,ALVARO HUGO CASTRO JIMENEZ,BASICO,OFICIAL,RURAL,ABIERTA,MONOLINGUE,MATUTINA,DIARIO(REGULAR),JUTIAPA
22-12-0027-45,22-033,JUTIAPA,JALPATAGUA,INEB DE TELESECUNDARIA,ALDEA EL RETOZADERO,,CESAR AUGUSTO CUMES CERMEÑO,JENNIFER ELIZABETH SALGUERO RIVERA,BASICO,OFICIAL,RURAL,ABIERTA,MONOLINGUE,MATUTINA,DIARIO(REGULAR),JUTIAPA
22-12-0028-45,22-033,JUTIAPA,JALPATAGUA,INEB DE TELESECUNDARIA,ALDEA EL CUJE,,CESAR AUGUSTO CUMES CERMEÑO,LUIS ANGEL SALAZAR DONIS,BASICO,OFICIAL,RURAL,ABIERTA,MONOLINGUE,MATUTINA,DIARIO(REGULAR),JUTIAPA
22-12-0033-45,22-023,JUTIAPA,JALPATAGUA,COLEGIO CRISTIANO RIOS DE AGUA VIVA,ALDEA EL COCO,50242731,NERI ROLANDO CORADO CORTEZ,YULISA ESTHER RAMIREZ CALDERON,BASICO,PRIVADO,RURAL,ABIERTA,MONOLINGUE,DOBLE,FIN DE SEMANA,JUTIAPA
22-12-0038-45,22-033,JUTIAPA,JALPATAGUA,COLEGIO TECNOLOGICO BILINGUE EDISON,7A AVENIDA 4-37 ZONA 1,77564614,CESAR AUGUSTO CUMES CERMEÑO,JORGE ROLANDO LÓPEZ CABRERA,BASICO,PRIVADO,URBANA,ABIERTA,MONOLINGUE,MATUTINA,DIARIO(REGULAR),JUTIAPA
22-12-0042-45,22-029,JUTIAPA,JALPATAGUA,"COLEGIO PARTICULAR MIXTO EVANGELICO ""SAMARIA""",-,47090364,CARLOS ALBERTO LOPEZ ARCHILA,RUTH NOEMY ARÉVALO,BASICO,PRIVADO,URBANA,ABIERTA,MONOLINGUE,DOBLE,FIN DE SEMANA,JUTIAPA
22-12-0043-45,22-029,JUTIAPA,JALPATAGUA,"COLEGIO PARTICULAR MIXTO EVANGELICO ""SAMARIA""",-,47090364,CARLOS ALBERTO LOPEZ ARCHILA,RUTH NOEMY ARÉVALO,BASICO,PRIVADO,URBANA,ABIERTA,MONOLINGUE,DOBLE,FIN DE SEMANA,JUTIAPA
22-12-0045-45,22-033,JUTIAPA,JALPATAGUA,"COLEGIO PARTICULAR MIXTO ""SAN JOSE OBRERO II""",ALDEA SAN IXTAN,52933301,CESAR AUGUSTO CUMES CERMEÑO,ELIAS BENJAMIN MENENDEZ HERNANDEZ,BASICO,PRIVADO,RURAL,ABIERTA,MONOLINGUE,DOBLE,FIN DE SEMANA,JUTIAPA
22-12-0048-45,22-033,JUTIAPA,JALPATAGUA,COLEGIO BILINGÜE NUEVA ERA,"2A. AVE. Y 4TA. CALLE, ZONA 2",77926857,CESAR AUGUSTO CUMES CERMEÑO,SUSELI YOMARA RUANO BARAHONA,BASICO,PRIVADO,URBANA,ABIERTA,MONOLINGUE,MATUTINA,DIARIO(REGULAR),JUTIAPA
22-12-0049-45,22-033,JUTIAPA,JALPATAGUA,COLEGIO BILINGUE NUEVA ERA,"2A. AVE. Y 4TA. CALLE, ZONA 2",77926857,CESAR AUGUSTO CUMES CERMEÑO,ASTRID MISHELL BARRENO SARCEÑO,BASICO,PRIVADO,URBANA,ABIERTA,MONOLINGUE,DOBLE,FIN DE SEMANA,JUTIAPA
22-12-0058-45,22-029,JUTIAPA,JALPATAGUA,"COLEGIO PARTICULAR MIXTO ""NUEVO AMANECER""",3A. CALLE 1-36 ZONA 2,77564472,CARLOS ALBERTO LOPEZ ARCHILA,SANDRA ELIZABETH GRAMAJO BARRERA,BASICO,PRIVADO,URBANA,ABIERTA,MONOLINGUE,SIN JORNADA,SEMIPRESENCIAL (UN DÍA A LA SEMANA),JUTIAPA
22-12-0060-45,22-033,JUTIAPA,JALPATAGUA,COLEGIO SAN JOSÉ OBRERO II,ALDEA SAN IXTAN,52933301,CESAR AUGUSTO CUMES CERMEÑO,MAYRA YESENIA GALICIA VALLEJOS,BASICO,PRIVADO,RURAL,ABIERTA,MONOLINGUE,SIN JORNADA,SEMIPRESENCIAL (UN DÍA A LA SEMANA),JUTIAPA
22-12-0062-45,22-029,JUTIAPA,JALPATAGUA,"COLEGIO PARTICULAR MIXTO EVANGÉLICO ""SAMARIA""",5A. CALLE 1-93 ZONA 2,47090364,CARLOS ALBERTO LOPEZ ARCHILA,RUTH NOEMY ARÉVALO,BASICO,PRIVADO,URBANA,ABIERTA,MONOLINGUE,SIN JORNADA,SEMIPRESENCIAL (UN DÍA A LA SEMANA),JUTIAPA
22-12-0066-45,22-033,JUTIAPA,JALPATAGUA,"COLEGIO PARTICULAR MIXTO ""SAN JOSÉ OBRERO II""","CASERIO EL CIPRES, ALDEA SAN IXTAN",48760444,CESAR AUGUSTO CUMES CERMEÑO,MAYRA YESENIA GALICIA VALLEJOS,BASICO,PRIVADO,RURAL,ABIERTA,MONOLINGUE,DOBLE,FIN DE SEMANA,JUTIAPA
22-12-0067-45,22-033,JUTIAPA,JALPATAGUA,COLEGIO TECNOLÓGICO BILINGÜE EDISON,7A. AVENIDA 4-37 ZONA 1,77564614,CESAR AUGUSTO CUMES CERMEÑO,HEIDY ELIZABETH LÉMUS PÉREZ,BASICO,PRIVADO,URBANA,ABIERTA,MONOLINGUE,DOBLE,FIN DE SEMANA,JUTIAPA
22-12-0439-45,22-029,JUTIAPA,JALPATAGUA,INEB,"6A. AVENIDA 4-34, ZONA 1",40106910,CARLOS ALBERTO LOPEZ ARCHILA,JULIO CÉSAR RUANO GONZÁLEZ,BASICO,OFICIAL,URBANA,ABIERTA,MONOLINGUE,MATUTINA,DIARIO(REGULAR),JUTIAPA
22-12-1482-45,22-029,JUTIAPA,JALPATAGUA,"COLEGIO PARTICULAR MIXTO EVANGELICO ""SAMARIA""","5A. CALLE 1-93, ZONA 2",,CARLOS ALBERTO LOPEZ ARCHILA,MARÍA CLEMENCIA AUCEDA LUCERO,BASICO,PRIVADO,URBANA,ABIERTA,MONOLINGUE,VESPERTINA,DIARIO(REGULAR),JUTIAPA
22-12-1506-45,22-033,JUTIAPA,JALPATAGUA,"COLEGIO PARTICULAR MIXTO CATOLICO ""SAN JOSE OBRERO I """,3A. CALLE 5-97 ZONA 1,77564442,CESAR AUGUSTO CUMES CERMEÑO,ELIAS BENJAMIN MENENDEZ HERNANDEZ,BASICO,PRIVADO,URBANA,ABIERTA,MONOLINGUE,VESPERTINA,DIARIO(REGULAR),JUTIAPA
22-12-1513-45,22-029,JUTIAPA,JALPATAGUA,INEB INST. TECNICO DIVERSIFICADO DE CIENCIAS ADMINISTRATIVAS Y SECRETARIALES MODERNO JALPATAGUENSE,3A CALLE 1-36 ZONA 2,77564472,CARLOS ALBERTO LOPEZ ARCHILA,ELISABETH BARRERA ROSALES,BASICO,PRIVADO,URBANA,ABIERTA,MONOLINGUE,VESPERTINA,DIARIO(REGULAR),JUTIAPA
22-12-1803-45,22-033,JUTIAPA,JALPATAGUA,INEB DE TELESECUNDARIA,ALDEA AZULCO,58229233,CESAR AUGUSTO CUMES CERMEÑO,MIRIAM GUISELLA CORADO SASSO,BASICO,OFICIAL,RURAL,ABIERTA,MONOLINGUE,VESPERTINA,DIARIO(REGULAR),JUTIAPA
22-12-1841-45,22-033,JUTIAPA,JALPATAGUA,COLEGIO PARTICULAR MIXTO SAN JOSE OBRERO II,CASERIO EL CIPRES ALDEA SAN IXTAN,52933301,CESAR AUGUSTO CUMES CERMEÑO,SANTOS ARELY MÁRQUEZ LÓPEZ,BASICO,PRIVADO,RURAL,ABIERTA,MONOLINGUE,MATUTINA,DIARIO(REGULAR),JUTIAPA
22-12-2128-45,22-029,JUTIAPA,JALPATAGUA,INSTITUTO DE EDUCACIÓN BÁSICA POR COOPERATIVA,ALDEA EL COCO,42122693,CARLOS ALBERTO LOPEZ ARCHILA,NERY ELIUD PÉREZ CARDONA,BASICO,COOPERATIVA,RURAL,ABIERTA,MONOLINGUE,VESPERTINA,DIARIO(REGULAR),JUTIAPA
22-12-2272-45,22-029,JUTIAPA,JALPATAGUA,COLEGIO PARTICULAR MIXTO NUEVO AMANECER (POR MADUREZ),3A. CALLE 3-29 ZONA 1,77564472,CARLOS ALBERTO LOPEZ ARCHILA,SANDRA ELIZABETH GRAMAJO BARRERA,BASICO,PRIVADO,URBANA,ABIERTA,MONOLINGUE,DOBLE,FIN DE SEMANA,JUTIAPA
22-12-2327-45,22-029,JUTIAPA,JALPATAGUA,INSTITUTO NACIONAL DE EDUCACION BASICA DE TELESECUNDARIA,ALDEA EL PAJONAL,53408983,CARLOS ALBERTO LOPEZ ARCHILA,AMALIA KARLANA GARCÍA MEDRANO,BASICO,OFICIAL,RURAL,ABIERTA,MONOLINGUE,MATUTINA,DIARIO(REGULAR),JUTIAPA
22-12-2447-45,22-022,JUTIAPA,JALPATAGUA,COLEGIO EVANGELICO CRISTIANO 'RIOS DE AGUA VIVA',ALDEA EL COCO,,JULIO RENE HERNANDEZ GONZALEZ,,BASICO,PRIVADO,RURAL,ABIERTA,MONOLINGUE,VESPERTINA,DIARIO(REGULAR),JUTIAPA
22-12-2487-45,22-029,JUTIAPA,JALPATAGUA,NUCLEO FAMILIAR EDUCATIVO PARA EL DESARROLLO NUFED NO.404,ALDEA EL JICARAL,48972793,CARLOS ALBERTO LOPEZ ARCHILA,SAIRA ILIANA OCHOA MUNGUIA,BASICO,OFICIAL,RURAL,ABIERTA,MONOLINGUE,VESPERTINA,DIARIO(REGULAR),JUTIAPA
22-12-2488-45,22-029,JUTIAPA,JALPATAGUA,NUCLEO FAMILIAR EDUCATIVO PARA EL DESARROLLO -NUFED- NO.340,ALDEA SAN FRANCISCO EL ROSARIO,,CARLOS ALBERTO LOPEZ ARCHILA,YUDI YEYLIN BARILLAS CANO,BASICO,OFICIAL,RURAL,ABIERTA,MONOLINGUE,MATUTINA,DIARIO(REGULAR),JUTIAPA
22-13-0001-45,22-035,JUTIAPA,CONGUACO,"INSTITUTO MIXTO DE EDUCACION ""CONGUAQUENSE""",CONGUACO,54688734,ANA AZUCENA CRUZ JIMENEZ,GREGORIO EDGAR VALIENTE MARTÍNEZ,BASICO,PRIVADO,URBANA,ABIERTA,MONOLINGUE,VESPERTINA,DIARIO(REGULAR),JUTIAPA
22-13-0026-45,22-036,JUTIAPA,CONGUACO,INEB DE TELESECUNDARIA,ALDEA LAS PILAS,58221197,JORGE GOMEZ PEREZ,HEBERTO HERNÁNDEZ HERNÁNDEZ,BASICO,OFICIAL,RURAL,ABIERTA,MONOLINGUE,MATUTINA,DIARIO(REGULAR),JUTIAPA
22-13-0034-45,22-035,JUTIAPA,CONGUACO,INSTITUTO MIXTO DE EDUCACION CONGUAQUENSE,CONGUACO,42848727,ANA AZUCENA CRUZ JIMENEZ,GREGORIO EDGAR VALIENTE MARTÍNEZ,BASICO,PRIVADO,RURAL,ABIERTA,MONOLINGUE,DOBLE,FIN DE SEMANA,JUTIAPA
22-13-0036-45,22-035,JUTIAPA,CONGUACO,LICEO SAN PEDRO,ALDEA SAN PEDRO,41510256,ANA AZUCENA CRUZ JIMENEZ,DELMY LILÍ RAMÍREZ GONZÁLEZ,BASICO,PRIVADO,RURAL,ABIERTA,MONOLINGUE,DOBLE,FIN DE SEMANA,JUTIAPA
22-13-0037-45,22-035,JUTIAPA,CONGUACO,LICEO SAN PEDRO,ALDEA SAN PEDRO,40225345,ANA AZUCENA CRUZ JIMENEZ,DELMY LILÍ RAMÍREZ GONZÁLEZ,BASICO,PRIVADO,RURAL,ABIERTA,MONOLINGUE,DOBLE,FIN DE SEMANA,JUTIAPA
22-13-0039-45,22-035,JUTIAPA,CONGUACO,INSTITUTO MIXTO DE EDUCACION BASICA POR COOPERATIVA,ALDEA EL BRAN,53759548,ANA AZUCENA CRUZ JIMENEZ,FRANCISCO JERONIMO GARCIA,BASICO,COOPERATIVA,RURAL,ABIERTA,MONOLINGUE,VESPERTINA,DIARIO(REGULAR),JUTIAPA
22-13-0040-45,22-035,JUTIAPA,CONGUACO,"LICEO ""SAN PEDRO""",ALDEA SAN PEDRO,58799787,ANA AZUCENA CRUZ JIMENEZ,MARTA JULIA DE LEON GALICIA,BASICO,PRIVADO,RURAL,ABIERTA,MONOLINGUE,VESPERTINA,DIARIO(REGULAR),JUTIAPA
22-13-0041-45,22-036,JUTIAPA,CONGUACO,INSTITUTO DE EDUCACION BASICA POR COOPERATIVA DE ENSEÑANZA,"CASERIO EL JOYAL, ALDEA PALO BLANCO",57636706,JORGE GOMEZ PEREZ,INGRID YASMIN HERNÁNDEZ GONZÁLEZ,BASICO,COOPERATIVA,RURAL,ABIERTA,MONOLINGUE,VESPERTINA,DIARIO(REGULAR),JUTIAPA
22-13-0044-45,22-035,JUTIAPA,CONGUACO,INSTITUTO MIXTO DE EDUCACIÓN CONGUAQUENSE,CASERIO BRIOTIS,58252521,ANA AZUCENA CRUZ JIMENEZ,GREGORIO EDGAR VALIENTE MARTÍNEZ,BASICO,PRIVADO,RURAL,ABIERTA,MONOLINGUE,SIN JORNADA,SEMIPRESENCIAL (UN DÍA A LA SEMANA),JUTIAPA
22-13-0046-45,22-035,JUTIAPA,CONGUACO,LICEO SAN PEDRO,ALDEA SAN PEDRO,42147332,ANA AZUCENA CRUZ JIMENEZ,DELMY LILÍ RAMÍREZ GONZÁLEZ,BASICO,PRIVADO,RURAL,ABIERTA,MONOLINGUE,SIN JORNADA,SEMIPRESENCIAL (UN DÍA A LA SEMANA),JUTIAPA
22-13-0051-45,22-035,JUTIAPA,CONGUACO,LICEO CONGUAQUENSE,CASERO BRIOTIS,47160153,ANA AZUCENA CRUZ JIMENEZ,GREGORIO EDGAR VALIENTE MARTÍNEZ,BASICO,PRIVADO,RURAL,ABIERTA,MONOLINGUE,VESPERTINA,DIARIO(REGULAR),JUTIAPA
22-13-0059-45,22-035,JUTIAPA,CONGUACO,LICEO CONGUAQUENSE,CASERIO BRIOTIS,47160153,ANA AZUCENA CRUZ JIMENEZ,GREGORIO EDGAR VALIENTE MARTÍNEZ,BASICO,PRIVADO,RURAL,ABIERTA,MONOLINGUE,DOBLE,FIN DE SEMANA,JUTIAPA
22-13-0440-45,22-036,JUTIAPA,CONGUACO,IEBC DE ENSEÑANZA,.,54120304,JORGE GOMEZ PEREZ,MYRA PATRICIA DÍAZ GUTIÉRREZ,BASICO,COOPERATIVA,URBANA,ABIERTA,MONOLINGUE,VESPERTINA,DIARIO(REGULAR),JUTIAPA
22-13-1802-45,22-036,JUTIAPA,CONGUACO,INEB DE TELESECUNDARIA,ALDEA SAN PEDRO,51151351,JORGE GOMEZ PEREZ,CLAUDIA LUCÍA RODRÍGUEZ CORTÉZ,BASICO,OFICIAL,RURAL,ABIERTA,MONOLINGUE,MATUTINA,DIARIO(REGULAR),JUTIAPA
22-13-2291-45,22-036,JUTIAPA,CONGUACO,NUCLEO FAMILIAR EDUCATIVO PARA EL DESARROLLO NUFED NO. 17,"CASERIO TIERRA MORADA, ALDEA EL BRAN",58746763,JORGE GOMEZ PEREZ,CRISTY MARISELA LÉMUS PÉREZ,BASICO,OFICIAL,RURAL,ABIERTA,MONOLINGUE,VESPERTINA,DIARIO(REGULAR),JUTIAPA
22-13-2329-45,22-035,JUTIAPA,CONGUACO,INSTITUTO MIXTO DE EDUCACION CONGUACO,.,42848727,ANA AZUCENA CRUZ JIMENEZ,GREGORIO EDGAR VALIENTE MARTÍNEZ,BASICO,PRIVADO,URBANA,ABIERTA,MONOLINGUE,DOBLE,FIN DE SEMANA,JUTIAPA
22-14-0026-45,22-024,JUTIAPA,MOYUTA,INEB,ALDEA EL NARANJO,,CARLOS OBDULIO OROZCO REYES,JULIO MELVI LEMUS SANDOVAL,BASICO,OFICIAL,RURAL,ABIERTA,MONOLINGUE,VESPERTINA,DIARIO(REGULAR),JUTIAPA
22-14-0027-45,22-039,JUTIAPA,MOYUTA,INEB,ALDEA BETHANIA,59350092,ELDA MARITZA LINARES GALICIA DE CORTEZ,SHIRLEY OLINDA RAMÍREZ REYES,BASICO,OFICIAL,RURAL,ABIERTA,MONOLINGUE,VESPERTINA,DIARIO(REGULAR),JUTIAPA
22-14-0028-45,22-023,JUTIAPA,MOYUTA,INEB DE TELESECUNDARIA,ALDEA LOS ACHIOTES,40664549,NERI ROLANDO CORADO CORTEZ,LESBIA IRENE ARANA MARROQUIN,BASICO,OFICIAL,RURAL,ABIERTA,MONOLINGUE,MATUTINA,DIARIO(REGULAR),JUTIAPA
22-14-0029-45,22-024,JUTIAPA,MOYUTA,INEB DE TELESECUNDARIA,ALDEA EL PARAISO,56307374,CARLOS OBDULIO OROZCO REYES,IRIS ROXANA ALVAREZ GUDIEL,BASICO,OFICIAL,RURAL,ABIERTA,MONOLINGUE,VESPERTINA,DIARIO(REGULAR),JUTIAPA
22-14-0038-45,22-007,JUTIAPA,MOYUTA,NUCLEO FAMILIAR EDUCATIVO PARA EL DESAROLLO NUFED NO. 638,ALDEA LAS TABLAS,32428376,WILMER OBED RAMIREZ LINARES,ZULY MARIELA CRUZ FLORIÁN,BASICO,OFICIAL,RURAL,ABIERTA,MONOLINGUE,VESPERTINA,DIARIO(REGULAR),JUTIAPA
22-14-0048-45,22-039,JUTIAPA,MOYUTA,LICEO INTEGRAL GALILEO,BARRIO EL PACIFICO,41400026,ELDA MARITZA LINARES GALICIA DE CORTEZ,CÉSAR ANTONIO CÁCERES ORDOÑEZ,BASICO,PRIVADO,URBANA,ABIERTA,MONOLINGUE,VESPERTINA,DIARIO(REGULAR),JUTIAPA
22-14-0052-45,22-039,JUTIAPA,MOYUTA,"COLEGIO PARTICULAR MIXTO ""SAN FRANCISCO Y SANTA CLARA""",BARRIO EL CENTRO,78467623,ELDA MARITZA LINARES GALICIA DE CORTEZ,INÉS DEL CARMEN CRUZ MURALLES,BASICO,PRIVADO,URBANA,ABIERTA,MONOLINGUE,VESPERTINA,DIARIO(REGULAR),JUTIAPA
22-14-0058-45,22-007,JUTIAPA,MOYUTA,INEB,ALDEA POZA DEL LLANO,41498653,WILMER OBED RAMIREZ LINARES,ELFRID HORLANDO ENRÍQUEZ AGUILAR,BASICO,OFICIAL,RURAL,ABIERTA,MONOLINGUE,VESPERTINA,DIARIO(REGULAR),JUTIAPA
22-14-0062-45,22-039,JUTIAPA,MOYUTA,INSTITUTO DE EDUCACIÓN BÁSICA POR COOPERATIVA DE ENSEÑANZA,ALDEA LA CAÑADA,59213205,ELDA MARITZA LINARES GALICIA DE CORTEZ,ELDER DONAI JUAREZ MARTINEZ,BASICO,COOPERATIVA,RURAL,ABIERTA,MONOLINGUE,VESPERTINA,DIARIO(REGULAR),JUTIAPA
22-14-0066-45,22-023,JUTIAPA,MOYUTA,"COLEGIO EVANGELICO ""GAMALIEL""",ALDEA SAN ISIDRO,37088636,NERI ROLANDO CORADO CORTEZ,WALTER AMANDO LÉMUS HERNÁNDEZ,BASICO,PRIVADO,RURAL,ABIERTA,MONOLINGUE,DOBLE,FIN DE SEMANA,JUTIAPA
22-14-0067-45,22-023,JUTIAPA,MOYUTA,"COLEGIO EVANGELICO ""GAMALIEL""",ALDEA SAN ISIDRO,57014797,NERI ROLANDO CORADO CORTEZ,INGRID YASMIN HERNANDEZ GONZALEZ,BASICO,PRIVADO,RURAL,ABIERTA,MONOLINGUE,DOBLE,FIN DE SEMANA,JUTIAPA
22-14-0070-45,22-039,JUTIAPA,MOYUTA,INTITUTO TECNOLOGICO DE SUR ORIENTE,BARRIO EL CIELITO,78467533,ELDA MARITZA LINARES GALICIA DE CORTEZ,LUIS MIGUEL COC RAMOS,BASICO,PRIVADO,URBANA,ABIERTA,MONOLINGUE,VESPERTINA,DIARIO(REGULAR),JUTIAPA
22-14-0071-45,22-023,JUTIAPA,MOYUTA,INSTITUTO TECNOLOGICO DE SUR ORIENTE,BARRIO EL CIELITO,78467533,NERI ROLANDO CORADO CORTEZ,JOEL HERNANDEZ POLANCO,BASICO,PRIVADO,URBANA,ABIERTA,MONOLINGUE,DOBLE,FIN DE SEMANA,JUTIAPA
22-14-0079-45,22-023,JUTIAPA,MOYUTA,"INSTITUTO MIXTO DE EDUCACIÓN DE ORIENTE ""IMIDEO NÉRICI""",ALDEA LOS ACHIOTES,56943704,NERI ROLANDO CORADO CORTEZ,MERCY MARÍA GÓMEZ RUANO,BASICO,PRIVADO,RURAL,ABIERTA,MONOLINGUE,DOBLE,FIN DE SEMANA,JUTIAPA
22-14-0083-45,22-024,JUTIAPA,MOYUTA,COLEGIO PARTICULAR MIXTO SAN JOSE,CIUDAD PEDRO DE ALVARADO,78440868,CARLOS OBDULIO OROZCO REYES,IRMA YOLANDA NAVICHOQUE RECINOS,BASICO,PRIVADO,RURAL,ABIERTA,MONOLINGUE,NOCTURNA,DIARIO(REGULAR),JUTIAPA
22-14-0085-45,22-024,JUTIAPA,MOYUTA,COLEGIO PARTICULAR MIXTO SAN JOSE,CIUDAD PEDRO DE ALVARADO,78440868,CARLOS OBDULIO OROZCO REYES,IRMA YOLANDA NAVICHOQUE RECINOS,BASICO,PRIVADO,RURAL,ABIERTA,MONOLINGUE,DOBLE,FIN DE SEMANA,JUTIAPA
22-14-0091-45,22-007,JUTIAPA,MOYUTA,"COLEGIO PARTICULAR MIXTO ""SAN JOSÉ""",ALDEA CIUDAD PEDRO DE ALVARADO,50541381,WILMER OBED RAMIREZ LINARES,IRMA YOLANDA NAVICHOQUE RECINOS,BASICO,PRIVADO,RURAL,ABIERTA,MONOLINGUE,SIN JORNADA,SEMIPRESENCIAL (UN DÍA A LA SEMANA),JUTIAPA
22-14-0104-45,22-024,JUTIAPA,MOYUTA,INSTITUTO NACIONAL DE EDUCACIÓN BÁSICA,ALDEA GARITA CHAPINA,33369530,CARLOS OBDULIO OROZCO REYES,IRIS JANETH RAMÍREZ LÓPEZ,BASICO,OFICIAL,RURAL,ABIERTA,MONOLINGUE,VESPERTINA,DIARIO(REGULAR),JUTIAPA
22-14-0466-45,22-007,JUTIAPA,MOYUTA,IEBC DE ENSEÑANZA,CIUDAD PEDRO DE ALVARADO,42180909,WILMER OBED RAMIREZ LINARES,CARLOS AUGUSTO LÓPEZ CASTILLO,BASICO,COOPERATIVA,RURAL,ABIERTA,MONOLINGUE,VESPERTINA,DIARIO(REGULAR),JUTIAPA
22-14-0467-45,22-024,JUTIAPA,MOYUTA,IEBC DE ENSEÑANZA,"CENTRO ADMINISTRATIVO, PARCELAMIENTO MONTUFAR",49801697,CARLOS OBDULIO OROZCO REYES,CÉSAR AGUSTO VENTURA,BASICO,COOPERATIVA,RURAL,ABIERTA,MONOLINGUE,VESPERTINA,DIARIO(REGULAR),JUTIAPA
22-14-0588-45,22-039,JUTIAPA,MOYUTA,INEB,BARRIO LA REFORMA,59885015,ELDA MARITZA LINARES GALICIA DE CORTEZ,LUZ AMPARO VENTURA FARFAN,BASICO,OFICIAL,URBANA,ABIERTA,MONOLINGUE,MATUTINA,DIARIO(REGULAR),JUTIAPA
22-14-1807-45,22-024,JUTIAPA,MOYUTA,INEB DE TELESECUNDARIA,ALDEA MONTE RICO,30952206,CARLOS OBDULIO OROZCO REYES,CLEMENTINA AGUIRRE BARRIENTOS,BASICO,OFICIAL,RURAL,ABIERTA,MONOLINGUE,VESPERTINA,DIARIO(REGULAR),JUTIAPA
22-14-1934-45,22-007,JUTIAPA,MOYUTA,COLEGIO PARTICULAR MIXTO SAN JOSE,CIUDAD PEDRO DE ALVARADO,42969327,WILMER OBED RAMIREZ LINARES,IRMA YOLANDA NAVICHOQUE RECINOS,BASICO,PRIVADO,RURAL,ABIERTA,MONOLINGUE,MATUTINA,DIARIO(REGULAR),JUTIAPA
22-14-2075-45,22-039,JUTIAPA,MOYUTA,INSTITUTO TECNOLOGICO DE SURORIENTE,BARRIO EL CIELITO,78467533,ELDA MARITZA LINARES GALICIA DE CORTEZ,LILIAN AZUCENA GARCÍA MENÈNDEZ,BASICO,PRIVADO,URBANA,ABIERTA,MONOLINGUE,VESPERTINA,DIARIO(REGULAR),JUTIAPA
22-14-2200-45,22-007,JUTIAPA,MOYUTA,COLEGIO HERMANO PEDRO,ALDEA CIUDAD PEDRO DE ALVARADO,55855541,WILMER OBED RAMIREZ LINARES,ARSI ANAÍ SARCEÑO GODOY,BASICO,PRIVADO,RURAL,ABIERTA,MONOLINGUE,MATUTINA,DIARIO(REGULAR),JUTIAPA
22-14-2275-45,22-007,JUTIAPA,MOYUTA,IEBC DE ENSEÑANZA,ALDEA EL TORO,56933039,WILMER OBED RAMIREZ LINARES,DORA ALICIA RAMOS CASTELLANOS,BASICO,COOPERATIVA,RURAL,ABIERTA,MONOLINGUE,VESPERTINA,DIARIO(REGULAR),JUTIAPA
22-14-2330-45,22-023,JUTIAPA,MOYUTA,NUCLEO FAMILIAR EDUCATIVO PARA EL DESARROLLO NUFED NO. 206,ALDEA BARRANCA HONDA,58092806,NERI ROLANDO CORADO CORTEZ,MIZELY DINAMARIS VENTURA CORADO,BASICO,OFICIAL,RURAL,ABIERTA,MONOLINGUE,DOBLE,DIARIO(REGULAR),JUTIAPA
22-14-2338-45,22-023,JUTIAPA,MOYUTA,NUCLEO FAMILIAR EDUCATIVO PARA EL DESARROLLO NUFED NO.205,ALDEA LAS LOMAS,53078708,NERI ROLANDO CORADO CORTEZ,LUZ AMPARO VENTURA FARFAN,BASICO,OFICIAL,RURAL,ABIERTA,MONOLINGUE,MATUTINA,DIARIO(REGULAR),JUTIAPA
22-14-2446-45,22-024,JUTIAPA,MOYUTA,INSTITUTO MIXTO DE EDUCACION MUNICIPAL,ALDEA GARITA CHAPINA,42034839,CARLOS OBDULIO OROZCO REYES,JIMMY ROEL FLORIAN HERRERA,BASICO,MUNICIPAL,RURAL,ABIERTA,MONOLINGUE,VESPERTINA,DIARIO(REGULAR),JUTIAPA
22-14-2564-45,22-039,JUTIAPA,MOYUTA,IEBC DE ENSEÑANZA,ALDEA LA MONTAÑA,30085095,ELDA MARITZA LINARES GALICIA DE CORTEZ,BEATRÍZ DONADO DÍAZ,BASICO,COOPERATIVA,RURAL,ABIERTA,MONOLINGUE,VESPERTINA,DIARIO(REGULAR),JUTIAPA
22-15-0014-45,22-025,JUTIAPA,PASACO,INEB DE TELESECUNDARIA,ALDEA EL TINTON NORTE,58821178,RENE MARTINEZ ALAY,MARCO TULIO RECINOS REVOLORIO,BASICO,OFICIAL,RURAL,ABIERTA,MONOLINGUE,VESPERTINA,DIARIO(REGULAR),JUTIAPA
22-15-0018-45,22-025,JUTIAPA,PASACO,NUCLEO FAMILIAR EDUCATIVO PARA EL DESARROLLO NUFED,"CASERIO SAN ANTONIO, ALDEA SAN LUIS LA DANTA",30999614,RENE MARTINEZ ALAY,MAYRA LEMUS RUANO,BASICO,OFICIAL,RURAL,ABIERTA,MONOLINGUE,VESPERTINA,DIARIO(REGULAR),JUTIAPA
22-15-0022-45,22-025,JUTIAPA,PASACO,COLEGIO INTEGRAL CIENCIA Y DESARROLLO II,ALDEA EL GARROBO,58252521,RENE MARTINEZ ALAY,SADAM JOSUÉ RODRÍGUEZ CASTELLANOS,BASICO,PRIVADO,RURAL,ABIERTA,MONOLINGUE,DOBLE,FIN DE SEMANA,JUTIAPA
22-15-0023-45,22-025,JUTIAPA,PASACO,COLEGIO INTEGRAL CIENCIA Y DESARROLLO II,ALDEA EL GARROBO,58252521,RENE MARTINEZ ALAY,IRMA ARACELY CONTRERAS SOLÓRZANO,BASICO,PRIVADO,RURAL,ABIERTA,MONOLINGUE,DOBLE,FIN DE SEMANA,JUTIAPA
22-15-0028-45,22-025,JUTIAPA,PASACO,"COLEGIO PARTICULAR MIXTO ""SAN JUAN""",3ERA. AVENIDA 08-012 ZONA 3,49989558,RENE MARTINEZ ALAY,JUAN ANTONIO PÉREZ GARCÍA,BASICO,PRIVADO,URBANA,ABIERTA,MONOLINGUE,VESPERTINA,DIARIO(REGULAR),JUTIAPA
22-15-0030-45,22-025,JUTIAPA,PASACO,COLEGIO INTEGRAL CIENCIA Y DESARROLLO II,ALDEA EL GARROBO,59940686,RENE MARTINEZ ALAY,SADAM JOSUÉ RODRÍGUEZ CASTELLANOS,BASICO,PRIVADO,RURAL,ABIERTA,MONOLINGUE,SIN JORNADA,SEMIPRESENCIAL (UN DÍA A LA SEMANA),JUTIAPA
22-15-0518-45,22-025,JUTIAPA,PASACO,IEBC .,3A. AVENIDA 10-010 ZONA 3,39059183,RENE MARTINEZ ALAY,OSEAS MARTÍNEZ GONZÁLEZ,BASICO,COOPERATIVA,URBANA,ABIERTA,MONOLINGUE,VESPERTINA,DIARIO(REGULAR),JUTIAPA
22-15-1675-45,22-025,JUTIAPA,PASACO,INEB DE TELESECUNDARIA,ALDEA EL SITIO,49338724,RENE MARTINEZ ALAY,OLGA LETICIA BARRERA LÓPEZ,BASICO,OFICIAL,RURAL,ABIERTA,MONOLINGUE,VESPERTINA,DIARIO(REGULAR),JUTIAPA
22-15-2331-45,22-025,JUTIAPA,PASACO,NUCLEO FAMILIAR EDUCATIVO PARA EL DESARROLLO NUFED NO. 204,ALDEA EL ASTILLERO,,RENE MARTINEZ ALAY,LESLY LETICIA HERNÁNDEZ GÓMEZ,BASICO,OFICIAL,RURAL,ABIERTA,MONOLINGUE,VESPERTINA,DIARIO(REGULAR),JUTIAPA
22-15-2332-45,22-025,JUTIAPA,PASACO,NUCLEO FAMILIAR EDUCATIVO PARA EL DESARROLLO NUFED NO. 18,ALDEA LA MOCHA,,RENE MARTINEZ ALAY,HENRY MAURICIO MARTÍNEZ JIMÉMEZ,BASICO,OFICIAL,RURAL,ABIERTA,MONOLINGUE,VESPERTINA,DIARIO(REGULAR),JUTIAPA
22-15-2463-45,22-025,JUTIAPA,PASACO,INEB DE TELESECUNDARIA,ALDEA EL SALITRILLO,42043290,RENE MARTINEZ ALAY,EVELIN PATRICIA LEMUS CARÍAS,BASICO,OFICIAL,RURAL,ABIERTA,MONOLINGUE,VESPERTINA,DIARIO(REGULAR),JUTIAPA
22-15-2464-45,22-025,JUTIAPA,PASACO,NUCLEO FAMILIAR EDUCATIVO PARA EL DESARROLLO NUFED 521,ALDEA POTRERILLOS,58704595,RENE MARTINEZ ALAY,MARÍA CRISABEL GONZÁLEZ TORREZ,BASICO,OFICIAL,RURAL,ABIERTA,MONOLINGUE,VESPERTINA,DIARIO(REGULAR),JUTIAPA
22-15-2498-45,22-025,JUTIAPA,PASACO,INEB DE TELESECUNDARIA,ALDEA EL SOCORRO,59303785,RENE MARTINEZ ALAY,KIMBERLY DARASENY GALICIA RAMÍREZ,BASICO,OFICIAL,RURAL,ABIERTA,MONOLINGUE,VESPERTINA,DIARIO(REGULAR),JUTIAPA
22-15-2531-45,22-025,JUTIAPA,PASACO,INEB DE TELESECUNDARIA,ALDEA SAN LUIS LA DANTA,,RENE MARTINEZ ALAY,ERICKA MAGALÍ CARÍAS CRISTALES,BASICO,OFICIAL,RURAL,ABIERTA,MONOLINGUE,VESPERTINA,DIARIO(REGULAR),JUTIAPA
22-15-2555-45,22-025,JUTIAPA,PASACO,NUCLEO FAMILIAR EDUCATIVO PARA EL DESARROLLO NUFED NO. 590,ALDEA EL COMENDADOR,53551284,RENE MARTINEZ ALAY,LIDIA SUSELLI CASTRO CEBALLOS,BASICO,OFICIAL,RURAL,ABIERTA,MONOLINGUE,VESPERTINA,DIARIO(REGULAR),JUTIAPA
22-16-0002-45,22-026,JUTIAPA,SAN JOSE ACATEMPA,INEB,CABECERA MUNICIPAL,51739197,SIDDI YALAI ESCOBAR ESQUIVEL,HECTOR OSWALDO MENDEZ ALARCON,BASICO,OFICIAL,URBANA,ABIERTA,MONOLINGUE,MATUTINA,DIARIO(REGULAR),JUTIAPA
22-16-0003-45,22-026,JUTIAPA,SAN JOSE ACATEMPA,INEB DE TELESECUNDARIA,ALDEA LAS DELICIAS,,SIDDI YALAI ESCOBAR ESQUIVEL,WENDY VALESCA GARCIA CANO,BASICO,OFICIAL,RURAL,ABIERTA,MONOLINGUE,VESPERTINA,DIARIO(REGULAR),JUTIAPA
22-16-0005-45,22-026,JUTIAPA,SAN JOSE ACATEMPA,INEB DE TELESECUNDARIA,ALDEA EL CARPINTERO,30143711,SIDDI YALAI ESCOBAR ESQUIVEL,BRENDA LISSETTE CRUZ,BASICO,OFICIAL,RURAL,ABIERTA,MONOLINGUE,MATUTINA,DIARIO(REGULAR),JUTIAPA
22-16-0006-45,22-026,JUTIAPA,SAN JOSE ACATEMPA,"INSTITUTO PEDAGÓGICO DE EDUCACIÓN MEDIA SAN JOSÉ ""IPEMSA""",ALDEA LLANO GRANDE,50641737,SIDDI YALAI ESCOBAR ESQUIVEL,YUSMERY CHEYENDIS ESCOBAR CASTILLO,BASICO,PRIVADO,RURAL,ABIERTA,MONOLINGUE,VESPERTINA,DIARIO(REGULAR),JUTIAPA
22-16-0009-45,22-026,JUTIAPA,SAN JOSE ACATEMPA,"COLEGIO PARTICULAR MIXTO DE DIVERSIFICADO ""EMANUEL""",ALDEA TUNILLAS,31131879,SIDDI YALAI ESCOBAR ESQUIVEL,ALEIDA XIOMARA CASTILLO MEDRANO,BASICO,PRIVADO,RURAL,ABIERTA,MONOLINGUE,DOBLE,FIN DE SEMANA,JUTIAPA
22-16-0011-45,22-026,JUTIAPA,SAN JOSE ACATEMPA,"""INSTITUTO MUNICIPAL DE EDUCACION BASICA ALDEA LA CEIBITA""",ALDEA LA CEIBITA,41122036,SIDDI YALAI ESCOBAR ESQUIVEL,RAÚL ESTUARDO JIMÉNEZ LIMA,BASICO,MUNICIPAL,RURAL,ABIERTA,MONOLINGUE,VESPERTINA,DIARIO(REGULAR),JUTIAPA
22-16-0013-45,22-026,JUTIAPA,SAN JOSE ACATEMPA,"COLEGIO PARTICULAR MIXTO DE DIVERSIFICADO ""EMANUEL""",ALDEA TUNILLAS,51666617,SIDDI YALAI ESCOBAR ESQUIVEL,ALEIDA XIOMARA CASTILLO MEDRANO,BASICO,PRIVADO,RURAL,ABIERTA,MONOLINGUE,DOBLE,FIN DE SEMANA,JUTIAPA
22-16-0017-45,22-026,JUTIAPA,SAN JOSE ACATEMPA,"INSTITUTO PEDAGÓGICO DE EDUCACIÓN MEDIA SAN JOSÉ ""IPEMSA""",ALDEA LLANO GRANDE,77908100,SIDDI YALAI ESCOBAR ESQUIVEL,WENDY MARISOL BOTEO PERNILLO,BASICO,PRIVADO,RURAL,ABIERTA,MONOLINGUE,DOBLE,FIN DE SEMANA,JUTIAPA
22-16-0018-45,22-026,JUTIAPA,SAN JOSE ACATEMPA,COLEGIO PARTICULAR MIXTO BILINGUE SANTA FE,ALDEA BUENA VISTA,52169634,SIDDI YALAI ESCOBAR ESQUIVEL,HUGO ARNULFO MATEO,BASICO,PRIVADO,RURAL,ABIERTA,MONOLINGUE,DOBLE,FIN DE SEMANA,JUTIAPA
22-16-0019-45,22-026,JUTIAPA,SAN JOSE ACATEMPA,INSTITUTO MUNICIPAL DE EDUCACIÓN BÁSICA,LA CARRETERA,46110294,SIDDI YALAI ESCOBAR ESQUIVEL,CLAUDIA VANESSA ALVAREZ MEDRANO,BASICO,MUNICIPAL,RURAL,ABIERTA,MONOLINGUE,VESPERTINA,DIARIO(REGULAR),JUTIAPA
22-16-0020-45,22-026,JUTIAPA,SAN JOSE ACATEMPA,"COLEGIO PARTICULAR MIXTO DE DIVERSIFICADO ""EMANUEL""",ALDEA LAS TUNILLAS,41548989,SIDDI YALAI ESCOBAR ESQUIVEL,ALEIDA XIOMARA CASTILLO MEDRANO,BASICO,PRIVADO,RURAL,ABIERTA,MONOLINGUE,MATUTINA,DIARIO(REGULAR),JUTIAPA
22-16-0022-45,22-026,JUTIAPA,SAN JOSE ACATEMPA,"INSTITUTO PEDAGÓGICO DE EDUCACIÓN MEDIA SAN JOSÉ ""IPEMSA""",ALDEA LLANO GRANDE,57518397,SIDDI YALAI ESCOBAR ESQUIVEL,YUSMERY CHEYENDIS ESCOBAR CASTILLO,BASICO,PRIVADO,RURAL,ABIERTA,MONOLINGUE,SIN JORNADA,SEMIPRESENCIAL (UN DÍA A LA SEMANA),JUTIAPA
22-16-0025-45,22-026,JUTIAPA,SAN JOSE ACATEMPA,"COLEGIO PARTICULAR MIXTO DE DIVERSIFICADO ""EMANUEL""",ALDEA TUNILLAS,31131879,SIDDI YALAI ESCOBAR ESQUIVEL,ALEIDA XIOMARA CASTILLO MEDRANO,BASICO,PRIVADO,RURAL,ABIERTA,MONOLINGUE,SIN JORNADA,SEMIPRESENCIAL (UN DÍA A LA SEMANA),JUTIAPA
22-16-0029-45,22-026,JUTIAPA,SAN JOSE ACATEMPA,COLEGIO PARTICULAR MIXTO BELEN,BARRIO LA JOYA,58374178,SIDDI YALAI ESCOBAR ESQUIVEL,ANGÉLICA MARÍA RAYMUNDO LIMA,BASICO,PRIVADO,URBANA,ABIERTA,MONOLINGUE,DOBLE,FIN DE SEMANA,JUTIAPA
22-16-0539-45,22-026,JUTIAPA,SAN JOSE ACATEMPA,IEBC .,.,51739197,SIDDI YALAI ESCOBAR ESQUIVEL,HECTOR OSWALDO MENDEZ ALARCON,BASICO,COOPERATIVA,URBANA,ABIERTA,MONOLINGUE,VESPERTINA,DIARIO(REGULAR),JUTIAPA
22-16-2536-45,22-026,JUTIAPA,SAN JOSE ACATEMPA,INEB DE TELESECUNDARIA,ALDEA TUNILLAS,53881937,SIDDI YALAI ESCOBAR ESQUIVEL,SAYDA NINETH GARCÌA CASTILLO,BASICO,OFICIAL,RURAL,ABIERTA,MONOLINGUE,MATUTINA,DIARIO(REGULAR),JUTIAPA
22-17-0010-45,22-027,JUTIAPA,QUESADA,INEB,ALDEA SANTA GERTRUDIS,42405238,DANIEL ARTURO QUIÑONEZ SOTO,OSCAR ROLANDO MENDEZ,BASICO,OFICIAL,RURAL,ABIERTA,MONOLINGUE,VESPERTINA,DIARIO(REGULAR),JUTIAPA
22-17-0014-45,22-027,JUTIAPA,QUESADA,COLEGIO PARTICULAR MIXTO BILINGUE SANTA FE,ALDEA BUENA VISTA,54255426,DANIEL ARTURO QUIÑONEZ SOTO,HENRY ARMIDAS VELASQUEZ PEREZ,BASICO,PRIVADO,URBANA,ABIERTA,MONOLINGUE,VESPERTINA,DIARIO(REGULAR),JUTIAPA
22-17-0017-45,22-027,JUTIAPA,QUESADA,LICEO QUESADENCE,"7A. CALLE 6-71 ZONA 1, BARRIO BRISAS DEL RIO",78678435,DANIEL ARTURO QUIÑONEZ SOTO,CÉSAR FERNANDO ESCOBAR ZEPEDA,BASICO,PRIVADO,URBANA,ABIERTA,MONOLINGUE,MATUTINA,DIARIO(REGULAR),JUTIAPA
22-17-0022-45,22-027,JUTIAPA,QUESADA,"COLEGIO PARTICULAR MIXTO BILINGÜE ""SAN PEDRO APÓSTOL""",BARRIO LA UNION,57121267,DANIEL ARTURO QUIÑONEZ SOTO,DORIS MELISA GUTIÉRREZ ARANA,BASICO,PRIVADO,URBANA,ABIERTA,MONOLINGUE,VESPERTINA,DIARIO(REGULAR),JUTIAPA
22-17-0030-45,22-027,JUTIAPA,QUESADA,COLEGIO PARTICULAR MIXTO BILINGUE SANTA FE,ALDEA BUENA VISTA,52169634,DANIEL ARTURO QUIÑONEZ SOTO,HENRY ARMIDAS VELASQUEZ PEREZ,BASICO,PRIVADO,RURAL,ABIERTA,MONOLINGUE,DOBLE,FIN DE SEMANA,JUTIAPA
22-17-0036-45,22-027,JUTIAPA,QUESADA,COLEGIO PARTICULAR MIXTO BILINGÜE SANTA FÉ,ALDEA BUENA VISTA,49140649,DANIEL ARTURO QUIÑONEZ SOTO,HENRY ARMIDAS VELASQUEZ PEREZ,BASICO,PRIVADO,RURAL,ABIERTA,MONOLINGUE,MATUTINA,DIARIO(REGULAR),JUTIAPA
22-17-0040-45,22-027,JUTIAPA,QUESADA,LICEO QUESADENCE,"7MA. CALLE 6-71 ZONA 1, BARRIO LAS BRISAS DEL RIO",78678435,DANIEL ARTURO QUIÑONEZ SOTO,CÉSAR FERNANDO ESCOBAR ZEPEDA,BASICO,PRIVADO,URBANA,ABIERTA,MONOLINGUE,DOBLE,FIN DE SEMANA,JUTIAPA
22-17-0041-45,22-027,JUTIAPA,QUESADA,LICEO QUESADENCE,"7MA. CALLE 6-71 ZONA 1, BARRIO LAS BRISAS DEL RIO",78678435,DANIEL ARTURO QUIÑONEZ SOTO,CÉSAR FERNANDO ESCOBAR ZEPEDA,BASICO,PRIVADO,URBANA,ABIERTA,MONOLINGUE,DOBLE,FIN DE SEMANA,JUTIAPA
22-17-0045-45,22-027,JUTIAPA,QUESADA,COLEGIO PARTICULAR MIXTO BILINGÜE SANTA FE,ALDEA BUENA VISTA,49140649,DANIEL ARTURO QUIÑONEZ SOTO,HENRY ARMIDAS VELASQUEZ PEREZ,BASICO,PRIVADO,RURAL,ABIERTA,MONOLINGUE,SIN JORNADA,SEMIPRESENCIAL (UN DÍA A LA SEMANA),JUTIAPA
22-17-0047-45,22-027,JUTIAPA,QUESADA,COLEGIO SANTA FE,ALDEA BUENA VISTA,49140649,DANIEL ARTURO QUIÑONEZ SOTO,VINCY DANIEL ARGUETA GONZALEZ,BASICO,PRIVADO,RURAL,ABIERTA,MONOLINGUE,DOBLE,VIRTUAL A DISTANCIA,JUTIAPA
22-17-0551-45,22-027,JUTIAPA,QUESADA,IEBC .,BARRIO LA ESMERALDA,58437622,DANIEL ARTURO QUIÑONEZ SOTO,DALIZ EVELYN ARRIVILLAGA VIRULA,BASICO,COOPERATIVA,URBANA,ABIERTA,MONOLINGUE,VESPERTINA,DIARIO(REGULAR),JUTIAPA
22-17-1808-45,22-027,JUTIAPA,QUESADA,INEB DE TELESECUNDARIA,ALDEA EL AMATON,42199415,DANIEL ARTURO QUIÑONEZ SOTO,GINY MARITZA RAMOS ORTIZ,BASICO,OFICIAL,RURAL,ABIERTA,MONOLINGUE,VESPERTINA,DIARIO(REGULAR),JUTIAPA
22-17-1908-45,22-027,JUTIAPA,QUESADA,INEB DE TELESECUNDARIA,ALDEA SAN DIEGO,,DANIEL ARTURO QUIÑONEZ SOTO,SANDRA JUDITH SÚCHITE ORELLANA,BASICO,OFICIAL,RURAL,ABIERTA,MONOLINGUE,MATUTINA,DIARIO(REGULAR),JUTIAPA
22-17-2187-45,22-027,JUTIAPA,QUESADA,COLEGIO INTEGRAL DE COMPUTACION EDUCARE,7A CALLE 4-32 ZONA 1,78678217,DANIEL ARTURO QUIÑONEZ SOTO,SENDER MAURICIO SOTO VÁSQUEZ,BASICO,PRIVADO,URBANA,ABIERTA,MONOLINGUE,VESPERTINA,DIARIO(REGULAR),JUTIAPA
22-17-2277-45,22-027,JUTIAPA,QUESADA,INEB DE TELESECUNDARIA,ALDEA EL TULE,41394173,DANIEL ARTURO QUIÑONEZ SOTO,LAIDY MARITZA LÓPEZ CASTAÑEDA,BASICO,OFICIAL,RURAL,ABIERTA,MONOLINGUE,VESPERTINA,DIARIO(REGULAR),JUTIAPA
22-17-2495-45,22-006,JUTIAPA,QUESADA,INSTITUTO DE EDUCACION BASICA MUNICIPAL DE TELESECUNDARIA,ALDEA SANTA GERTRUDIS,,RONY ESTUARDO SANDOVAL MEDINA,,BASICO,MUNICIPAL,RURAL,ABIERTA,MONOLINGUE,VESPERTINA,DIARIO(REGULAR),JUTIAPA
