0,1,2,3,4,5,6,7,8,9,10,11,12,13,14,15,16
CODIGO,DISTRITO,DEPARTAMENTO,MUNICIPIO,ESTABLECIMIENTO,DIRECCION,TELEFONO,SUPERVISOR,DIRECTOR,NIVEL,SECTOR,AREA,STATUS,MODALIDAD,JORNADA,PLAN,DEPARTAMENTAL
03-01-0022-43,03-002,SACATEPEQUEZ,ANTIGUA GUATEMALA,COLEGIO MIXTO CONSTANCIO C. VIGIL,2A. AVENIDA SUR N-3,78320154,ZOILA ESTHELA JONFE OROZCO,MARÍA ELENA ANZUETO BARDALES,PRIMARIA,PRIVADO,URBANA,ABIERTA,MONOLINGUE,MATUTINA,DIARIO(REGULAR),SACATEPÉQUEZ
03-01-0023-43,03-009,SACATEPEQUEZ,ANTIGUA GUATEMALA,EORM,ALDEA SANTA ANA,55580894,AURA MARINA LORENZO SAGCHE,ANA YOLANDA CHIROY SANTOS,PRIMARIA,OFICIAL,RURAL,ABIERTA,MONOLINGUE,MATUTINA,DIARIO(REGULAR),SACATEPÉQUEZ
03-01-0025-43,03-001,SACATEPEQUEZ,ANTIGUA GUATEMALA,EORM,CANTONES VUELTA GRANDE Y AGUA COLORADA ALDEA EL HATO,43543170,JUAN DEMETRIO SICAJOL PEREZ,OSCAR ROLANDO VELASQUEZ LÓPEZ,PRIMARIA,OFICIAL,RURAL,ABIERTA,MONOLINGUE,MATUTINA,DIARIO(REGULAR),SACATEPÉQUEZ
03-01-0026-43,03-001,SACATEPEQUEZ,ANTIGUA GUATEMALA,EOUN PEDRO BETHANCOURT,6A. CALLE ORIENTE ENTRE 1A. Y 2A. AVENIDA SUR,78323112,JUAN DEMETRIO SICAJOL PEREZ,ANA CRISTINA MENA PONS,PRIMARIA,OFICIAL,URBANA,ABIERTA,MONOLINGUE,MATUTINA,DIARIO(REGULAR),SACATEPÉQUEZ
03-01-0027-43,03-001,SACATEPEQUEZ,ANTIGUA GUATEMALA,EOUV NO.3 MARIANO NAVARRETE,CALLE DEL MANCHEN,42673578,JUAN DEMETRIO SICAJOL PEREZ,CARLOS HUMBERTO SITAMUL SANCHEZ,PRIMARIA,OFICIAL,URBANA,ABIERTA,MONOLINGUE,MATUTINA,DIARIO(REGULAR),SACATEPÉQUEZ
03-01-0028-43,03-001,SACATEPEQUEZ,ANTIGUA GUATEMALA,EOUV NO.1 J. ADRIAN CORONADO P.,5A. CALLE PONIENTE NO.21,78325169,JUAN DEMETRIO SICAJOL PEREZ,CRISTHIAN STUARDO GONZÁLEZ FIGUEROA,PRIMARIA,OFICIAL,URBANA,ABIERTA,MONOLINGUE,MATUTINA,DIARIO(REGULAR),SACATEPÉQUEZ
03-01-0029-43,03-001,SACATEPEQUEZ,ANTIGUA GUATEMALA,EOUN NO. 2 ANTONIO CASTRO Y ESCOBAR,AVENIDA DEL DESENGAÑO N-18,78320795,JUAN DEMETRIO SICAJOL PEREZ,LESLY YADIRA PANIAGUA MONTERROSO,PRIMARIA,OFICIAL,URBANA,ABIERTA,MONOLINGUE,MATUTINA,DIARIO(REGULAR),SACATEPÉQUEZ
03-01-0030-43,03-001,SACATEPEQUEZ,ANTIGUA GUATEMALA,EOUV NO.2 LUIS MENA,1A. AVENIDA NORTE N-25,78321507,JUAN DEMETRIO SICAJOL PEREZ,EDWIN ARMANDO MORALES CUYÚN,PRIMARIA,OFICIAL,URBANA,ABIERTA,MONOLINGUE,MATUTINA,DIARIO(REGULAR),SACATEPÉQUEZ
03-01-0031-43,03-002,SACATEPEQUEZ,ANTIGUA GUATEMALA,COLEGIO BELEN,PLAZUELA BELEN,78320322,ZOILA ESTHELA JONFE OROZCO,MARÍA DEL CARMEN GÓMEZ,PRIMARIA,PRIVADO,URBANA,ABIERTA,MONOLINGUE,MATUTINA,DIARIO(REGULAR),SACATEPÉQUEZ
03-01-0032-43,03-002,SACATEPEQUEZ,ANTIGUA GUATEMALA,LICEO ANTIGUEÑO,3A. CALLE ORIENTE N-11,78311081,ZOILA ESTHELA JONFE OROZCO,JOSUÉ NATHÁN SOLÓRZANO BERDÚO,PRIMARIA,PRIVADO,URBANA,ABIERTA,MONOLINGUE,MATUTINA,DIARIO(REGULAR),SACATEPÉQUEZ
03-01-0033-43,03-002,SACATEPEQUEZ,ANTIGUA GUATEMALA,LICEO ROSALES,KM. 46.3 CARRETERA A CIUDAD VIEJA NO. 41,77569111,ZOILA ESTHELA JONFE OROZCO,MONICA JUDITH DE LEON CHAVEZ,PRIMARIA,PRIVADO,URBANA,ABIERTA,MONOLINGUE,MATUTINA,DIARIO(REGULAR),SACATEPÉQUEZ
03-01-0034-43,03-002,SACATEPEQUEZ,ANTIGUA GUATEMALA,COLEGIO LA SALLE,4A. AVENIDA NORTE N-26,78320556,ZOILA ESTHELA JONFE OROZCO,MARCOS MANUEL HERNÁNDEZ PÉREZ,PRIMARIA,PRIVADO,URBANA,ABIERTA,MONOLINGUE,MATUTINA,DIARIO(REGULAR),SACATEPÉQUEZ
03-01-0035-43,03-002,SACATEPEQUEZ,ANTIGUA GUATEMALA,COLEGIO SANTA FAMILIA,5A. CALLE PONIENTE N-16,78320627,ZOILA ESTHELA JONFE OROZCO,SOR MARÍA DEL PILAR GARCÍA GONZÁLEZ,PRIMARIA,PRIVADO,URBANA,ABIERTA,MONOLINGUE,MATUTINA,DIARIO(REGULAR),SACATEPÉQUEZ
03-01-0036-43,03-009,SACATEPEQUEZ,ANTIGUA GUATEMALA,EORM FRANCISCO MARROQUIN,ALDEA SAN JUAN DEL OBISPO,,AURA MARINA LORENZO SAGCHE,MARÍA FRANCISCA SOLÓRZANO GARCÍA,PRIMARIA,OFICIAL,RURAL,ABIERTA,MONOLINGUE,MATUTINA,DIARIO(REGULAR),SACATEPÉQUEZ
03-01-0037-43,03-009,SACATEPEQUEZ,ANTIGUA GUATEMALA,EORM,1ER. CANTON ALDEA SAN PEDRO LAS HUERTAS,45984910,AURA MARINA LORENZO SAGCHE,MARIO ROBERTO ZAMORA,PRIMARIA,OFICIAL,RURAL,ABIERTA,MONOLINGUE,MATUTINA,DIARIO(REGULAR),SACATEPÉQUEZ
03-01-0038-43,03-001,SACATEPEQUEZ,ANTIGUA GUATEMALA,EORM,"CALLE PRINCIPAL NO. 15 ""A"" ALDEA SAN JUAN GASCON",,JUAN DEMETRIO SICAJOL PEREZ,FLORIDALMA ADALGISA FLORES,PRIMARIA,OFICIAL,RURAL,ABIERTA,MONOLINGUE,MATUTINA,DIARIO(REGULAR),SACATEPÉQUEZ
03-01-0039-43,03-009,SACATEPEQUEZ,ANTIGUA GUATEMALA,EORM,ALDEA SAN CRISTOBAL EL ALTO,77649386,AURA MARINA LORENZO SAGCHE,AMANDA REBECA RIVERA MÁRQUEZ,PRIMARIA,OFICIAL,RURAL,ABIERTA,MONOLINGUE,MATUTINA,DIARIO(REGULAR),SACATEPÉQUEZ
03-01-0040-43,03-009,SACATEPEQUEZ,ANTIGUA GUATEMALA,EORM,ALDEA SAN CRISTOBAL EL BAJO,42234803,AURA MARINA LORENZO SAGCHE,OLGA LIDIA PÉREZ QUEZADA,PRIMARIA,OFICIAL,RURAL,ABIERTA,MONOLINGUE,MATUTINA,DIARIO(REGULAR),SACATEPÉQUEZ
03-01-0041-43,03-001,SACATEPEQUEZ,ANTIGUA GUATEMALA,EORM TIPO MINIMO,"CANTON EL LLANO, ZONA 2 ALDEA SAN FELIPE DE JESUS",78311457,JUAN DEMETRIO SICAJOL PEREZ,OSCAR ADOLFO ELÍAS ESTRADA,PRIMARIA,OFICIAL,RURAL,ABIERTA,MONOLINGUE,MATUTINA,DIARIO(REGULAR),SACATEPÉQUEZ
03-01-0042-43,03-001,SACATEPEQUEZ,ANTIGUA GUATEMALA,EORM 'JOSE IGNACIO ORTIZ VIDES',ALDEA EL HATO,55732836,JUAN DEMETRIO SICAJOL PEREZ,PATRICIA ESTACUY TOLEDO,PRIMARIA,OFICIAL,RURAL,ABIERTA,MONOLINGUE,MATUTINA,DIARIO(REGULAR),SACATEPÉQUEZ
03-01-0043-43,03-001,SACATEPEQUEZ,ANTIGUA GUATEMALA,EORM,ALDEA SAN MATEO MILPAS ALTAS,58599986,JUAN DEMETRIO SICAJOL PEREZ,GERSON ELI GARCIA RODRIGUEZ,PRIMARIA,OFICIAL,RURAL,ABIERTA,MONOLINGUE,MATUTINA,DIARIO(REGULAR),SACATEPÉQUEZ
03-01-0045-43,03-002,SACATEPEQUEZ,ANTIGUA GUATEMALA,EPRM ESCUELA PRIVADA RURAL MIXTA,HACIENDA CARMONA ALDEA SAN JUAN DEL OBISPO,53280936,ZOILA ESTHELA JONFE OROZCO,LIGIA ALEJANDRA GARCÍA MORALES,PRIMARIA,PRIVADO,RURAL,ABIERTA,MONOLINGUE,MATUTINA,DIARIO(REGULAR),SACATEPÉQUEZ
03-01-0048-43,03-002,SACATEPEQUEZ,ANTIGUA GUATEMALA,COLEGIO MIXTO SANTIAGO DE LOS CABALLEROS,"LOT. SAN PEDRO EL PANORAMA, LOTES 67, 68 69",41478868,ZOILA ESTHELA JONFE OROZCO,LUIS FELIPE CONTRERAS QUINTANILLA,PRIMARIA,PRIVADO,URBANA,ABIERTA,MONOLINGUE,MATUTINA,DIARIO(REGULAR),SACATEPÉQUEZ
03-01-0049-43,03-009,SACATEPEQUEZ,ANTIGUA GUATEMALA,EORM,ALDEA STA. CATARINA BOBADILLA,44387231,AURA MARINA LORENZO SAGCHE,VICTOR MANUEL RIVERA,PRIMARIA,OFICIAL,RURAL,ABIERTA,MONOLINGUE,MATUTINA,DIARIO(REGULAR),SACATEPÉQUEZ
03-01-0073-43,03-002,SACATEPEQUEZ,ANTIGUA GUATEMALA,COLEGIO MUNDO VERDE,2A. AVENIDA SUR NO. 46,78320315,ZOILA ESTHELA JONFE OROZCO,MANUEL ANTONIO ESTRADA ORTIZ,PRIMARIA,PRIVADO,URBANA,ABIERTA,MONOLINGUE,MATUTINA,DIARIO(REGULAR),SACATEPÉQUEZ
03-01-0087-43,03-002,SACATEPEQUEZ,ANTIGUA GUATEMALA,COLEGIO AMERICANO SUPERIOR,CALLE DE LOS NAZARENOS NO. 28,79372450,ZOILA ESTHELA JONFE OROZCO,JAIRO SAUL REYES BARRIOS,PRIMARIA,PRIVADO,URBANA,ABIERTA,MONOLINGUE,MATUTINA,DIARIO(REGULAR),SACATEPÉQUEZ
03-01-0113-43,03-001,SACATEPEQUEZ,ANTIGUA GUATEMALA,CENTRO OFICIAL DE EDUCACION ESPECIAL HERMANO PEDRO,5TA. CALLE PONIENTE NO. 21,41289033,JUAN DEMETRIO SICAJOL PEREZ,DINA CARRILLO PAREDES,PRIMARIA,OFICIAL,URBANA,ABIERTA,MONOLINGUE,VESPERTINA,DIARIO(REGULAR),SACATEPÉQUEZ
03-01-0122-43,03-002,SACATEPEQUEZ,ANTIGUA GUATEMALA,COLEGIO INNOVACION EDUCATIVA,CALLE DE LA AZOTEA NO. 23,78325547,ZOILA ESTHELA JONFE OROZCO,IRMA JANNETTE CUÉLLAR NÁJERA,PRIMARIA,PRIVADO,URBANA,ABIERTA,MONOLINGUE,MATUTINA,DIARIO(REGULAR),SACATEPÉQUEZ
03-01-0123-43,03-002,SACATEPEQUEZ,ANTIGUA GUATEMALA,CENTRO EDUCATIVO COLEGIO LUZ DEL MUNDO,ALDEA SANTA CATARINA BOBADILLA NO. 56,55372824,ZOILA ESTHELA JONFE OROZCO,AURA MARINA HERNÁNDEZ DE LEÓN,PRIMARIA,PRIVADO,RURAL,ABIERTA,MONOLINGUE,MATUTINA,DIARIO(REGULAR),SACATEPÉQUEZ
03-01-0131-43,03-002,SACATEPEQUEZ,ANTIGUA GUATEMALA,COLEGIO INFANTIL MIS PRIMEROS TRAZOS,CARRETERA A SAN FELIPE DE JESUS,78311749,ZOILA ESTHELA JONFE OROZCO,MARIANTONIETA MIRANDA ALVARADO,PRIMARIA,PRIVADO,URBANA,ABIERTA,MONOLINGUE,MATUTINA,DIARIO(REGULAR),SACATEPÉQUEZ
03-01-0136-43,03-002,SACATEPEQUEZ,ANTIGUA GUATEMALA,LICEO ANTIGUEÑO SAN PEDRO,"SEGUNDA AVENIDA NORTE, SEGUNDO CANTON NO.2",78329030,ZOILA ESTHELA JONFE OROZCO,JOSÉ ARTURO MARTÍNEZ,PRIMARIA,PRIVADO,RURAL,ABIERTA,MONOLINGUE,MATUTINA,DIARIO(REGULAR),SACATEPÉQUEZ
03-01-0137-43,03-002,SACATEPEQUEZ,ANTIGUA GUATEMALA,LICEO MIXTO BILINGUE ANGEL GABRIEL,1A. CALLE PONIENTE FINAL NO. 61,78327434,ZOILA ESTHELA JONFE OROZCO,YANSI PATRICIA MOLINA JIMENEZ,PRIMARIA,PRIVADO,URBANA,ABIERTA,MONOLINGUE,MATUTINA,DIARIO(REGULAR),SACATEPÉQUEZ
03-01-0143-43,03-002,SACATEPEQUEZ,ANTIGUA GUATEMALA,CENTRO EDUCATIVO COLONIAL,SECTOR NO. 35 ALDEA SAN MATEO MILPAS ALTAS,50431652,ZOILA ESTHELA JONFE OROZCO,WENDY PAOLA MIJANGOS FLORES,PRIMARIA,PRIVADO,RURAL,ABIERTA,MONOLINGUE,MATUTINA,DIARIO(REGULAR),SACATEPÉQUEZ
03-01-0168-43,03-002,SACATEPEQUEZ,ANTIGUA GUATEMALA,COLEGIO Y CENTRO DE ESTIMULACION TEMPRANA SCOOBY DOO,"CALLE DEL MANCHEN NO. 2 ""A""",78321753,ZOILA ESTHELA JONFE OROZCO,BRENDA JULIETA HERNÁNDEZ JUÁREZ,PRIMARIA,PRIVADO,URBANA,ABIERTA,MONOLINGUE,MATUTINA,DIARIO(REGULAR),SACATEPÉQUEZ
03-01-0174-43,03-002,SACATEPEQUEZ,ANTIGUA GUATEMALA,ANTIGUA VERDE,S/N FINCA AZOTEA,40600023,ZOILA ESTHELA JONFE OROZCO,CLAUDIA MARÍA LÓPEZ LARIOS,PRIMARIA,PRIVADO,URBANA,ABIERTA,MONOLINGUE,MATUTINA,DIARIO(REGULAR),SACATEPÉQUEZ
03-01-0176-43,03-002,SACATEPEQUEZ,ANTIGUA GUATEMALA,LICEO POLITECNICO PEDAGOGICO ANTIGUEÑO,BARRIO SAN LUQUITAS NO. 29,55641214,ZOILA ESTHELA JONFE OROZCO,CLAUDIA MIRELLA LOPEZ HURTARTE,PRIMARIA,PRIVADO,URBANA,ABIERTA,MONOLINGUE,MATUTINA,DIARIO(REGULAR),SACATEPÉQUEZ
03-01-0197-43,03-002,SACATEPEQUEZ,ANTIGUA GUATEMALA,COLEGIO DR. JUAN JOSE AREVALO BERMEJO,BARRIO SAN LUQUITAS NO. 29,78429152,ZOILA ESTHELA JONFE OROZCO,HILTON SOEL PÉREZ ESCOBAR,PRIMARIA,PRIVADO,URBANA,ABIERTA,MONOLINGUE,MATUTINA,DIARIO(REGULAR),SACATEPÉQUEZ
03-01-0208-43,03-002,SACATEPEQUEZ,ANTIGUA GUATEMALA,COLEGIO BILINGUE NUESTRA SEÑORA DE GUADALUPE,"6TA. AVENIDA NORTE NO. 60A, CENTRO HISTORICO",78324179,ZOILA ESTHELA JONFE OROZCO,DORCAS MADAÍ COJOLÓN VÁSQUEZ,PRIMARIA,PRIVADO,URBANA,ABIERTA,MONOLINGUE,MATUTINA,DIARIO(REGULAR),SACATEPÉQUEZ
03-01-0241-43,03-002,SACATEPEQUEZ,ANTIGUA GUATEMALA,COLEGIO MIXTO 'ARCO IRIS',CALLE DE BELEN N-18,78325183,ZOILA ESTHELA JONFE OROZCO,LORENA ISABEL ALONSO TARACENA,PRIMARIA,PRIVADO,URBANA,ABIERTA,MONOLINGUE,MATUTINA,DIARIO(REGULAR),SACATEPÉQUEZ
03-01-0242-43,03-001,SACATEPEQUEZ,ANTIGUA GUATEMALA,EORM,GUARDIANIA EL HATO ANTIGUA,,JUAN DEMETRIO SICAJOL PEREZ,SANDRA PATRICIA GRANDE ESTRADA,PRIMARIA,OFICIAL,RURAL,ABIERTA,MONOLINGUE,MATUTINA,DIARIO(REGULAR),SACATEPÉQUEZ
03-01-0247-43,03-002,SACATEPEQUEZ,ANTIGUA GUATEMALA,COLEGIO MIXTO INTEGRAL SANTIAGO,LOTIFICACION EL COROZAL NO. 6-7 ALDEA SANTA ANA,78325188,ZOILA ESTHELA JONFE OROZCO,JOSÉ ANTONIO CARRASCOZA OCHAETA,PRIMARIA,PRIVADO,URBANA,ABIERTA,MONOLINGUE,MATUTINA,DIARIO(REGULAR),SACATEPÉQUEZ
03-01-0248-43,03-001,SACATEPEQUEZ,ANTIGUA GUATEMALA,EORM,11 AVENIDA BL.77 ALDEA SAN BARTOLOME BECERRA,56371118,JUAN DEMETRIO SICAJOL PEREZ,ELVIA LORENA LÓPEZ VILLAGRÁN,PRIMARIA,OFICIAL,RURAL,ABIERTA,MONOLINGUE,MATUTINA,DIARIO(REGULAR),SACATEPÉQUEZ
03-01-0277-43,03-002,SACATEPEQUEZ,ANTIGUA GUATEMALA,ANTIGUA GREEN SCHOOL,CALLE DEL PORTAL LOTE 11,78323445,ZOILA ESTHELA JONFE OROZCO,CLAUDIA MARÍA LÓPEZ LARIOS,PRIMARIA,PRIVADO,URBANA,ABIERTA,MONOLINGUE,MATUTINA,DIARIO(REGULAR),SACATEPÉQUEZ
03-01-0281-43,03-002,SACATEPEQUEZ,ANTIGUA GUATEMALA,CENTRO EDUCATIVO GOTITAS DE AMOR E INSTITUTO TECNICO INTEGRAL HORIZON,DIAGONAL SUR NO. 17 ALDEA SAN JUAN DEL OBISPO,56983598,ZOILA ESTHELA JONFE OROZCO,LUIS PABLO VIVAR BAEZA,PRIMARIA,PRIVADO,RURAL,ABIERTA,BILINGUE,MATUTINA,DIARIO(REGULAR),SACATEPÉQUEZ
03-01-0283-43,03-002,SACATEPEQUEZ,ANTIGUA GUATEMALA,CENTRO EDUCATIVO TOTS HOUSE LA CASA DE LOS CHICOS,CALLEJON DE LOS REMEDIOS NO. 1,40803564,ZOILA ESTHELA JONFE OROZCO,ANDREA MARIA GONZALEZ DEL POZO,PRIMARIA,PRIVADO,URBANA,ABIERTA,MONOLINGUE,MATUTINA,DIARIO(REGULAR),SACATEPÉQUEZ
03-01-0291-43,03-001,SACATEPEQUEZ,ANTIGUA GUATEMALA,EORM,CASERIO EL ASTILLERO,59535779,JUAN DEMETRIO SICAJOL PEREZ,LAURA JANNESY CUELLAR REYES,PRIMARIA,OFICIAL,RURAL,ABIERTA,MONOLINGUE,MATUTINA,DIARIO(REGULAR),SACATEPÉQUEZ
03-01-0764-43,03-001,SACATEPEQUEZ,ANTIGUA GUATEMALA,EOUM SAN JOSE,1RA. AVENIDA NORTE N. 25 ANTIGUA GUATEMALA,52901787,JUAN DEMETRIO SICAJOL PEREZ,ALVARO ESTUARDO OLAYO PEREIRA,PRIMARIA,OFICIAL,URBANA,ABIERTA,MONOLINGUE,VESPERTINA,DIARIO(REGULAR),SACATEPÉQUEZ
03-01-0786-43,03-002,SACATEPEQUEZ,ANTIGUA GUATEMALA,COLEGIO COMPOSTELA,TERCERA AVENIDA NORTE NUMERO TRES,79370077,ZOILA ESTHELA JONFE OROZCO,EMERSON LUIS PÉREZ ORDOÑEZ,PRIMARIA,PRIVADO,URBANA,ABIERTA,MONOLINGUE,MATUTINA,DIARIO(REGULAR),SACATEPÉQUEZ
03-01-0791-43,03-001,SACATEPEQUEZ,ANTIGUA GUATEMALA,EORM,PRIMER CANTON ALDEA SAN PEDRO LAS HUERTAS,34844082,JUAN DEMETRIO SICAJOL PEREZ,REYNA JUDITH SOY CAPIR,PRIMARIA,OFICIAL,RURAL,ABIERTA,MONOLINGUE,VESPERTINA,DIARIO(REGULAR),SACATEPÉQUEZ
03-01-0816-43,03-002,SACATEPEQUEZ,ANTIGUA GUATEMALA,CENTRO EDUCATIVO EL VALLE,LOTIFICACION SANTIAGO LOS CABALLEROS NO.6,78321184,ZOILA ESTHELA JONFE OROZCO,MARÍA FELISA OVALLE AGUIRRE,PRIMARIA,PRIVADO,URBANA,ABIERTA,MONOLINGUE,MATUTINA,DIARIO(REGULAR),SACATEPÉQUEZ
03-01-0817-43,03-001,SACATEPEQUEZ,ANTIGUA GUATEMALA,EOUN NO.3 SAN SEBASTIAN,AVENIDA EL DESENGAÑO NO.18,78325167,JUAN DEMETRIO SICAJOL PEREZ,JULISSA MARISOL GONZÁLEZ MORALES,PRIMARIA,OFICIAL,URBANA,ABIERTA,MONOLINGUE,VESPERTINA,DIARIO(REGULAR),SACATEPÉQUEZ
03-01-0833-43,03-002,SACATEPEQUEZ,ANTIGUA GUATEMALA,COLEGIO COLONIAL BILINGUE,"LOTE F-6, MANZANA G, SAN PEDRO EL PANORAMA",79346373,ZOILA ESTHELA JONFE OROZCO,LIGIA TERESA RODRIGUEZ CUEVAS,PRIMARIA,PRIVADO,URBANA,ABIERTA,MONOLINGUE,MATUTINA,DIARIO(REGULAR),SACATEPÉQUEZ
03-01-0942-43,03-002,SACATEPEQUEZ,ANTIGUA GUATEMALA,COLEGIO SANTO DOMINGO,CALLE CHIPILAPA NO. 11,78326854,ZOILA ESTHELA JONFE OROZCO,EMERSÓN OMAR SABÁN ORTEGA,PRIMARIA,PRIVADO,URBANA,ABIERTA,MONOLINGUE,MATUTINA,DIARIO(REGULAR),SACATEPÉQUEZ
03-01-1067-43,03-002,SACATEPEQUEZ,ANTIGUA GUATEMALA,ESCUELA ESPECIAL OBRAS SOCIALES DEL HERMANO PEDRO,KM. 46.03 CARRETERA A SANTA MARA DE JESUS ALLDEA SAN JUAN DEL OBISPO,79312100,ZOILA ESTHELA JONFE OROZCO,CESAR VINICIO CHÁVEZ ARRIOLA,PRIMARIA,PRIVADO,URBANA,ABIERTA,MONOLINGUE,DOBLE,DIARIO(REGULAR),SACATEPÉQUEZ
03-01-1199-43,03-002,SACATEPEQUEZ,ANTIGUA GUATEMALA,CENTRO EDUCACIONAL VALLE COLONIAL,CALLE ANCHA DE LOS HERREROS NO.59 INTERIOR,78321483,ZOILA ESTHELA JONFE OROZCO,EDGAR ADOLFO VALLE ALVAREZ,PRIMARIA,PRIVADO,URBANA,ABIERTA,MONOLINGUE,MATUTINA,DIARIO(REGULAR),SACATEPÉQUEZ
03-01-1384-43,03-002,SACATEPEQUEZ,ANTIGUA GUATEMALA,CENTRO EDUCATIVO BRILLO DE SOL,ALDEA SAN GASPAR VIVAR CASA NO. 1,57700535,ZOILA ESTHELA JONFE OROZCO,JENNIFER JEANET GUZMÁN COJOLÓN,PRIMARIA,PRIVADO,RURAL,ABIERTA,MONOLINGUE,MATUTINA,DIARIO(REGULAR),SACATEPÉQUEZ
03-02-0012-43,03-003,SACATEPEQUEZ,JOCOTENANGO,EOUM DR. VICTOR MANUEL ASTURIAS CASTAÑEDA,"8A. CALLE ENTRE 2A. Y 3A. AVENIDAS, COLONIAS LOS LLANOS",45169047,JUVENTINO PEREZ SICAN,MARCO TULIO TAQUEZ TUBAC,PRIMARIA,OFICIAL,URBANA,ABIERTA,MONOLINGUE,VESPERTINA,DIARIO(REGULAR),SACATEPÉQUEZ
03-02-0013-43,03-003,SACATEPEQUEZ,JOCOTENANGO,"EOUM ""RAFAEL ROSALES""",CALLEJON EL RASTRO FINAL ZONA 4,,JUVENTINO PEREZ SICAN,MAYRA LISETH CABRERA CABRERA,PRIMARIA,OFICIAL,URBANA,ABIERTA,MONOLINGUE,VESPERTINA,DIARIO(REGULAR),SACATEPÉQUEZ
03-02-0015-43,03-003,SACATEPEQUEZ,JOCOTENANGO,CENTRO PEDAGOGICO ANTIGUEÑO,DIAGONAL 1 NO. 3 ZONA 4,78311096,JUVENTINO PEREZ SICAN,FLORY ESPERANZA JIMENEZ GARCIA,PRIMARIA,PRIVADO,URBANA,ABIERTA,MONOLINGUE,MATUTINA,DIARIO(REGULAR),SACATEPÉQUEZ
03-02-0018-43,03-003,SACATEPEQUEZ,JOCOTENANGO,EORM,CASERIO MANO DE LEON,33003315,JUVENTINO PEREZ SICAN,JUAN CARLOS ROLDÁN MÉNDEZ,PRIMARIA,OFICIAL,RURAL,ABIERTA,MONOLINGUE,MATUTINA,DIARIO(REGULAR),SACATEPÉQUEZ
03-02-0025-43,03-003,SACATEPEQUEZ,JOCOTENANGO,COLEGIO CRISTIANO GUATEMALTECO,CALLE REAL CASA NO. 59 ZONA 1,78310676,JUVENTINO PEREZ SICAN,LUIS ANTONIO GIL TEJAXÚN,PRIMARIA,PRIVADO,URBANA,ABIERTA,MONOLINGUE,MATUTINA,DIARIO(REGULAR),SACATEPÉQUEZ
03-02-0035-43,03-003,SACATEPEQUEZ,JOCOTENANGO,"CENTRO EDUCATIVO ""LAS VOCES DEL SILENCIO""",GRANJA LOLITA NO. 10,45487043,JUVENTINO PEREZ SICAN,ALVARO DE LEON CRUZ,PRIMARIA,PRIVADO,URBANA,ABIERTA,MONOLINGUE,MATUTINA,DIARIO(REGULAR),SACATEPÉQUEZ
03-02-0037-43,03-003,SACATEPEQUEZ,JOCOTENANGO,CENTRO EDUCATIVO CORAZONES UNIDOS,CALLE REAL DE JOCOTENANGO NO. 76,78310397,JUVENTINO PEREZ SICAN,BRAYDON ANTONIO MONGE ORTÍZ,PRIMARIA,PRIVADO,URBANA,ABIERTA,MONOLINGUE,MATUTINA,DIARIO(REGULAR),SACATEPÉQUEZ
03-02-0040-43,03-003,SACATEPEQUEZ,JOCOTENANGO,CENTRO EDUCATIVO DE DESARROLLO INTEGRAL CASA DEL NIÑO,CALLEJON TEMPISQUE LOTE 12 FINAL ZONA 2,41466786,JUVENTINO PEREZ SICAN,MIRZA LIZETH SOLÓRZANO DONIS,PRIMARIA,PRIVADO,URBANA,ABIERTA,MONOLINGUE,MATUTINA,DIARIO(REGULAR),SACATEPÉQUEZ
03-02-0043-43,03-003,SACATEPEQUEZ,JOCOTENANGO,"CENTRO SOCIOEDUCATIVO""LICENCIADO MAGNO RUDY ROMERO AREVALO""",COLONIA EL NANCE NO. 28,59189719,JUVENTINO PEREZ SICAN,SERGIO ENRIQUE SUL FARFÁN,PRIMARIA,PRIVADO,URBANA,ABIERTA,MONOLINGUE,MATUTINA,DIARIO(REGULAR),SACATEPÉQUEZ
03-02-0049-43,03-003,SACATEPEQUEZ,JOCOTENANGO,COLEGIO NUESTRA SEÑORA DE LAS VICTORIAS,"LOTE 17, SECTOR F, MANZANA F, SAN ISIDRO 2, ZONA 2",77550315,JUVENTINO PEREZ SICAN,JUAN JOSÉ MELÉNDEZ JOCOP,PRIMARIA,PRIVADO,URBANA,ABIERTA,MONOLINGUE,MATUTINA,DIARIO(REGULAR),SACATEPÉQUEZ
03-02-0055-43,03-003,SACATEPEQUEZ,JOCOTENANGO,ESCUELA INTEGRADA DE NIÑOS TRABAJADORES,LOTE 12 SECTOR N COLONIA LAS VICTORIAS,79221889,JUVENTINO PEREZ SICAN,BRADLER OFELIO SANTOS LÓPEZ,PRIMARIA,PRIVADO,URBANA,ABIERTA,MONOLINGUE,DOBLE,DIARIO(REGULAR),SACATEPÉQUEZ
03-02-0063-43,03-003,SACATEPEQUEZ,JOCOTENANGO,COLEGIO IMB-PC-NO. 7,"LOTE 83, CALLE REAL DE JOCOTENANGO, ZONA 1",78626671,JUVENTINO PEREZ SICAN,RUDY ALBERTO GÁLVEZ VALLEJO,PRIMARIA,PRIVADO,URBANA,ABIERTA,MONOLINGUE,MATUTINA,DIARIO(REGULAR),SACATEPÉQUEZ
03-02-0080-43,03-003,SACATEPEQUEZ,JOCOTENANGO,COLEGIO ADVENTISTA ORION,CALLE AL CEMENTERIO NO. 28,79659726,JUVENTINO PEREZ SICAN,JENIFFER MARÍA HERNÁNDEZ JUAN,PRIMARIA,PRIVADO,URBANA,ABIERTA,MONOLINGUE,MATUTINA,DIARIO(REGULAR),SACATEPÉQUEZ
03-02-0081-43,03-003,SACATEPEQUEZ,JOCOTENANGO,EOUM RAFAEL ROSALES,PLAZUELA DE JOCOTENANGO,78310592,JUVENTINO PEREZ SICAN,JULIA ENCARNACIÓN RODENAS SOLIS,PRIMARIA,OFICIAL,URBANA,ABIERTA,MONOLINGUE,MATUTINA,DIARIO(REGULAR),SACATEPÉQUEZ
03-02-0082-43,03-003,SACATEPEQUEZ,JOCOTENANGO,EORM,CANTON VISTA HERMOSA,,JUVENTINO PEREZ SICAN,ANGELA MARÍA MORALES CORONADO,PRIMARIA,OFICIAL,RURAL,ABIERTA,MONOLINGUE,MATUTINA,DIARIO(REGULAR),SACATEPÉQUEZ
03-02-0083-43,03-003,SACATEPEQUEZ,JOCOTENANGO,EORM,ALDEA LA RINCONADA,44773996,JUVENTINO PEREZ SICAN,ASTRID KARINA CHUC VICENTE,PRIMARIA,OFICIAL,RURAL,ABIERTA,MONOLINGUE,MATUTINA,DIARIO(REGULAR),SACATEPÉQUEZ
03-02-0085-43,03-003,SACATEPEQUEZ,JOCOTENANGO,LICEO MIXTO 'LATINO',"LOTIFICACION LOLITA NO.5, ZONA 4",41410003,JUVENTINO PEREZ SICAN,GENARO RODRÍGUEZ PEREIRA,PRIMARIA,PRIVADO,URBANA,ABIERTA,MONOLINGUE,MATUTINA,DIARIO(REGULAR),SACATEPÉQUEZ
03-02-0222-43,03-003,SACATEPEQUEZ,JOCOTENANGO,EOUM DR. VICTOR MANUEL ASTURIAS CASTAÑEDA,"8A. CALLE ENTRE 2A. Y 3A. AVENIDAS, COLONIA LOS LLANOS",58439187,JUVENTINO PEREZ SICAN,MAYRA INOCENTA VALLE VALLE,PRIMARIA,OFICIAL,URBANA,ABIERTA,MONOLINGUE,MATUTINA,DIARIO(REGULAR),SACATEPÉQUEZ
03-02-1125-43,03-003,SACATEPEQUEZ,JOCOTENANGO,COLEGIO MIXTO 'SAN VICENTE DE PAUL',"CALLE REAL DE JOCOTENANGO, ZONA 1 RESIDENCIALES 'EL PEDREGAL' NO.3",52707011,JUVENTINO PEREZ SICAN,HUGO GERÓNIMO YUC ORTIZ,PRIMARIA,PRIVADO,URBANA,ABIERTA,MONOLINGUE,MATUTINA,DIARIO(REGULAR),SACATEPÉQUEZ
03-02-1253-43,03-003,SACATEPEQUEZ,JOCOTENANGO,COLEGIO CENTRO EDUCATIVO SANTA CRUZ,"6A. AVENIDA #157 C , ZONA 2, LOTIFICACION LAS PERPETUAS ROSAS",78887207,JUVENTINO PEREZ SICAN,CARMEN MARÍA MOLINA,PRIMARIA,PRIVADO,URBANA,ABIERTA,MONOLINGUE,MATUTINA,DIARIO(REGULAR),SACATEPÉQUEZ
03-02-1289-43,03-003,SACATEPEQUEZ,JOCOTENANGO,ESCUELA PROYECTO 'LA ESPERANZA',"1A. AVENIDA NO. 25 A Y 25 B, COLONIA LOS ANGELES, ZONA 3",78311229,JUVENTINO PEREZ SICAN,DAMARIS MARIBEL ABAC PEREZ,PRIMARIA,PRIVADO,URBANA,ABIERTA,MONOLINGUE,MATUTINA,DIARIO(REGULAR),SACATEPÉQUEZ
03-03-0007-43,03-003,SACATEPEQUEZ,PASTORES,EORM CERRO NIÑO,"CASERIO CERRO NIÑO, CANTON ZACATECAS",41294950,JUVENTINO PEREZ SICAN,MAYRA MARGARITA MAZARIEGOS,PRIMARIA,OFICIAL,RURAL,ABIERTA,MONOLINGUE,MATUTINA,DIARIO(REGULAR),SACATEPÉQUEZ
03-03-0009-43,03-003,SACATEPEQUEZ,PASTORES,EORM LA SEGUNDA CRUZ,CASERIO LA SEGUNDA CRUZ,,JUVENTINO PEREZ SICAN,RONAL OMAR VALLE ALQUIJAY,PRIMARIA,OFICIAL,RURAL,ABIERTA,MONOLINGUE,MATUTINA,DIARIO(REGULAR),SACATEPÉQUEZ
03-03-0011-43,03-003,SACATEPEQUEZ,PASTORES,CENTRO EDUCATIVO LA EXCELENCIA,"3RA. AVENIDA 4-01, ZONA 7, CANTON LA VEGA",79221852,JUVENTINO PEREZ SICAN,FLOR DE MARÍA MARTINEZ VEGA,PRIMARIA,PRIVADO,URBANA,ABIERTA,MONOLINGUE,MATUTINA,DIARIO(REGULAR),SACATEPÉQUEZ
03-03-0017-43,03-003,SACATEPEQUEZ,PASTORES,COLEGIO LA ESPERANZA,1A. CALLE 3-42 ZONA 2,78739244,JUVENTINO PEREZ SICAN,HILARIO VALLE AVILA,PRIMARIA,PRIVADO,URBANA,ABIERTA,MONOLINGUE,MATUTINA,DIARIO(REGULAR),SACATEPÉQUEZ
03-03-0025-43,03-003,SACATEPEQUEZ,PASTORES,COLEGIO CRISTIANO AVIVANDO EL FUEGO,"CAMINO VIEJO A SUMPANGO LOTE 80, ALDEA SAN LUIS LAS CARRETAS COLONIA PLANOS EL MIRADOR,",77281313,JUVENTINO PEREZ SICAN,HELENE KARINA CASTAÑEDA ACEVEDO,PRIMARIA,PRIVADO,RURAL,ABIERTA,MONOLINGUE,MATUTINA,DIARIO(REGULAR),SACATEPÉQUEZ
03-03-0037-43,03-003,SACATEPEQUEZ,PASTORES,COLEGIO MIXTO MONTESSORI,CALLE REAL NO. 1-43 ZONA 5,77910009,JUVENTINO PEREZ SICAN,BRADYS ANTONIO BARAHONA ANDRADE,PRIMARIA,PRIVADO,URBANA,ABIERTA,MONOLINGUE,MATUTINA,DIARIO(REGULAR),SACATEPÉQUEZ
03-03-0089-43,03-003,SACATEPEQUEZ,PASTORES,EOUM 'CARLOS DORION',BARRIO DE LA CRUZ,,JUVENTINO PEREZ SICAN,ROMEO EDMUNDO MONGE CUYÚN,PRIMARIA,OFICIAL,URBANA,ABIERTA,MONOLINGUE,MATUTINA,DIARIO(REGULAR),SACATEPÉQUEZ
03-03-0090-43,03-003,SACATEPEQUEZ,PASTORES,EOUV,"3A. AVENIDA 3-95 ZONA 7, CANTON LA VEGA",78311271,JUVENTINO PEREZ SICAN,NORA TRINIDAD ANDRADE PALACIOS,PRIMARIA,OFICIAL,URBANA,ABIERTA,MONOLINGUE,MATUTINA,DIARIO(REGULAR),SACATEPÉQUEZ
03-03-0091-43,03-003,SACATEPEQUEZ,PASTORES,EOUN,3RA. AVENIDA 3-93 ZONA 7 CANTON LA VEGA,50281677,JUVENTINO PEREZ SICAN,MARÍA CECILIA SÁNCHEZ CATAVÍ,PRIMARIA,OFICIAL,URBANA,ABIERTA,MONOLINGUE,MATUTINA,DIARIO(REGULAR),SACATEPÉQUEZ
03-03-0092-43,03-003,SACATEPEQUEZ,PASTORES,EORM,ALDEA SAN LORENZO EL TEJAR,58297779,JUVENTINO PEREZ SICAN,DORA MARINA ROMERO VALLE,PRIMARIA,OFICIAL,RURAL,ABIERTA,MONOLINGUE,MATUTINA,DIARIO(REGULAR),SACATEPÉQUEZ
03-03-0093-43,03-003,SACATEPEQUEZ,PASTORES,EORM,ALDEA SAN LUIS PUEBLO NUEVO,47406608,JUVENTINO PEREZ SICAN,HUGO LEONEL SÁNCHEZ VALLE,PRIMARIA,OFICIAL,RURAL,ABIERTA,MONOLINGUE,MATUTINA,DIARIO(REGULAR),SACATEPÉQUEZ
03-03-0094-43,03-003,SACATEPEQUEZ,PASTORES,EORM,"SAN LUIS LAS CARRETAS, CASERIO EL TIZATE",50535260,JUVENTINO PEREZ SICAN,CLAUDIA MARIBEL RAMIREZ OVALLE,PRIMARIA,OFICIAL,RURAL,ABIERTA,MONOLINGUE,MATUTINA,DIARIO(REGULAR),SACATEPÉQUEZ
03-03-0095-43,03-003,SACATEPEQUEZ,PASTORES,EORM,CANTON ZACATECAS,,JUVENTINO PEREZ SICAN,SAYRA MARICELLA GAYTÁN BARAHONA,PRIMARIA,OFICIAL,RURAL,ABIERTA,MONOLINGUE,MATUTINA,DIARIO(REGULAR),SACATEPÉQUEZ
03-03-1338-43,03-003,SACATEPEQUEZ,PASTORES,LICEO MIXTO SAN DIONISIO,2A. AVENIDA 1-34 ZONA 2,78311600,JUVENTINO PEREZ SICAN,MARÍA IZABEL VALLE AVÍLA,PRIMARIA,PRIVADO,URBANA,ABIERTA,MONOLINGUE,MATUTINA,DIARIO(REGULAR),SACATEPÉQUEZ
03-04-0002-43,03-004,SACATEPEQUEZ,SUMPANGO,"CENTRO EDUCATIVO SHALOM ""PAZ CONTIGO""","KM. 40.00 CARRETERA INTERAMERICANA LOTE NO. 1 SECTOR ""CHIPONQUIN""",44792055,MIRIAM VERONICA GIL QUISQUINAY,CRISTINA SAMANTA QUEXEL SABÁN,PRIMARIA,PRIVADO,URBANA,ABIERTA,MONOLINGUE,MATUTINA,DIARIO(REGULAR),SACATEPÉQUEZ
03-04-0010-43,03-004,SACATEPEQUEZ,SUMPANGO,ESCUELA PARTICULAR LAURA VICUÑA,CASA 1-70 COLONIA VISTA DEL SOL Y BELLOS HORIZONTES KM. 46.5,55176468,MIRIAM VERONICA GIL QUISQUINAY,MÓNICA GUADALUPE PABLO SEQUÉN,PRIMARIA,PRIVADO,URBANA,ABIERTA,MONOLINGUE,MATUTINA,DIARIO(REGULAR),SACATEPÉQUEZ
03-04-0012-43,03-004,SACATEPEQUEZ,SUMPANGO,CENTRO EDUCATIVO INTEGRAL MUNDO NUEVO,2A. AVENIDA 5-31 ZONA 1,54813220,MIRIAM VERONICA GIL QUISQUINAY,MIRIAN ERNESTINA CHIQUITÓ TORIBIO,PRIMARIA,PRIVADO,URBANA,ABIERTA,MONOLINGUE,MATUTINA,DIARIO(REGULAR),SACATEPÉQUEZ
03-04-0027-43,03-004,SACATEPEQUEZ,SUMPANGO,COLEGIO DE COMPUTACION MIXTO GUATEMALTECO,6A. AVENIDA 3-05 ZONA 4,,MIRIAM VERONICA GIL QUISQUINAY,CARMEN CECILIA MENDOZA GARCÍA,PRIMARIA,PRIVADO,URBANA,ABIERTA,MONOLINGUE,MATUTINA,DIARIO(REGULAR),SACATEPÉQUEZ
03-04-0039-43,03-004,SACATEPEQUEZ,SUMPANGO,CENTRO EDUCATIVO LICEO LA SAGRADA FAMILIA,"5TA. CALLE B 5-22, ZONA 4 COLONIA CUATRO DE FEBRERO",50779848,MIRIAM VERONICA GIL QUISQUINAY,SANDRA ELIZABETH GALLINA GARCIA,PRIMARIA,PRIVADO,URBANA,ABIERTA,MONOLINGUE,VESPERTINA,DIARIO(REGULAR),SACATEPÉQUEZ
03-04-0046-43,03-004,SACATEPEQUEZ,SUMPANGO,CENTRO EDUCATIVO JUDA,KM. 0.190 CAMINO A ALDEA EL REJON ZONA 5,51466129,MIRIAM VERONICA GIL QUISQUINAY,BRENDA JOHANA IBOY SICAJOL,PRIMARIA,PRIVADO,URBANA,ABIERTA,MONOLINGUE,MATUTINA,DIARIO(REGULAR),SACATEPÉQUEZ
03-04-0068-43,03-004,SACATEPEQUEZ,SUMPANGO,LICEO CRISTIANO MONTE SINAI,2DA. CALLE 0-36ZONA 5 COLONIA SANTA ROSITA,78331537,MIRIAM VERONICA GIL QUISQUINAY,INGRIS VICTORIA ALONZO AJQUEJAY,PRIMARIA,PRIVADO,URBANA,ABIERTA,MONOLINGUE,VESPERTINA,DIARIO(REGULAR),SACATEPÉQUEZ
03-04-0074-43,03-004,SACATEPEQUEZ,SUMPANGO,COLEGIO EVANGELICO ALPHA Y OMEGA,4TA. AVENIDA 0-39 ZONA 3,78331102,MIRIAM VERONICA GIL QUISQUINAY,LUCY WALESKA YOL CÁCERES,PRIMARIA,PRIVADO,URBANA,ABIERTA,MONOLINGUE,MATUTINA,DIARIO(REGULAR),SACATEPÉQUEZ
03-04-0077-43,03-004,SACATEPEQUEZ,SUMPANGO,COLEGIO BILINGUE SAGRADO CORAZON,AVENIDA DEL NIÑO 0-36 ZONA 5,41063307,MIRIAM VERONICA GIL QUISQUINAY,BLANCA ESTELA ASTURIAS QUISQUINAY,PRIMARIA,PRIVADO,URBANA,ABIERTA,MONOLINGUE,VESPERTINA,DIARIO(REGULAR),SACATEPÉQUEZ
03-04-0092-43,03-004,SACATEPEQUEZ,SUMPANGO,COLEGIO CRISTIANO CAMINO DE VIDA,1A. CALLE 1-23 ZONA 1,49440136,MIRIAM VERONICA GIL QUISQUINAY,BRYAN JOEL LOPEZ CASTRO,PRIMARIA,PRIVADO,URBANA,ABIERTA,MONOLINGUE,MATUTINA,DIARIO(REGULAR),SACATEPÉQUEZ
03-04-0103-43,03-004,SACATEPEQUEZ,SUMPANGO,EOUM,"COLONIA SANTA ROSITA, ZONA 5",54813220,MIRIAM VERONICA GIL QUISQUINAY,MIRIAN ERNESTINA CHIQUITÓ TORIBIO,PRIMARIA,OFICIAL,URBANA,ABIERTA,MONOLINGUE,VESPERTINA,DIARIO(REGULAR),SACATEPÉQUEZ
03-04-0104-43,03-004,SACATEPEQUEZ,SUMPANGO,EOUM NO.1,"COLONIA SANTA ROSITA, ZONA 5",78331292,MIRIAM VERONICA GIL QUISQUINAY,MARIA MAGDALENA ACUAL BURRION,PRIMARIA,OFICIAL,URBANA,ABIERTA,MONOLINGUE,MATUTINA,DIARIO(REGULAR),SACATEPÉQUEZ
03-04-0105-43,03-004,SACATEPEQUEZ,SUMPANGO,EOUM NO.2,AVENIDA DEL NIÑO 5-59 ZONA 4,78331277,MIRIAM VERONICA GIL QUISQUINAY,HERMELINDA AJANEL CHIQUITÓ,PRIMARIA,OFICIAL,URBANA,ABIERTA,MONOLINGUE,MATUTINA,DIARIO(REGULAR),SACATEPÉQUEZ
03-04-0106-43,03-004,SACATEPEQUEZ,SUMPANGO,EOUM BILINGUE,"COLONIA SANTA ROSITA, ZONA 5",33169456,MIRIAM VERONICA GIL QUISQUINAY,ANA ISABEL AXPUAC SANTANDER,PRIMARIA,OFICIAL,URBANA,ABIERTA,BILINGUE,MATUTINA,DIARIO(REGULAR),SACATEPÉQUEZ
03-04-0107-43,03-004,SACATEPEQUEZ,SUMPANGO,CENTRO EDUCATIVO DE FORMACION INTEGRAL 'TZUMPANGO',AVENIDA LA ALAMEDA 7-15 ZONA 2,78331190,MIRIAM VERONICA GIL QUISQUINAY,FLORENTÍN TEJAXÚN ALQUIJAY,PRIMARIA,PRIVADO,URBANA,ABIERTA,MONOLINGUE,MATUTINA,DIARIO(REGULAR),SACATEPÉQUEZ
03-04-0108-43,03-004,SACATEPEQUEZ,SUMPANGO,EORM,1RA. AVENIDA 0-61 ALDEA LAS FLORES,52212481,MIRIAM VERONICA GIL QUISQUINAY,EVERARDO JOSÉ JIMENEZ CANEL,PRIMARIA,OFICIAL,RURAL,ABIERTA,MONOLINGUE,MATUTINA,DIARIO(REGULAR),SACATEPÉQUEZ
03-04-0109-43,03-004,SACATEPEQUEZ,SUMPANGO,EORM,ALDEA SANTA MARTA,41809263,MIRIAM VERONICA GIL QUISQUINAY,MARVIN HERBER HERNÁNDEZ MUTZ,PRIMARIA,OFICIAL,RURAL,ABIERTA,MONOLINGUE,MATUTINA,DIARIO(REGULAR),SACATEPÉQUEZ
03-04-0110-43,03-004,SACATEPEQUEZ,SUMPANGO,EORM,ALDEA EL TUNINO,47076567,MIRIAM VERONICA GIL QUISQUINAY,SUCELI MARISOL GARCÍA GÁMEZ,PRIMARIA,OFICIAL,RURAL,ABIERTA,MONOLINGUE,MATUTINA,DIARIO(REGULAR),SACATEPÉQUEZ
03-04-0111-43,03-004,SACATEPEQUEZ,SUMPANGO,EORM,ALDEA RANCHO ALEGRE,52313751,MIRIAM VERONICA GIL QUISQUINAY,MARÍA SILVIA QUISQUE RAJPOP,PRIMARIA,OFICIAL,RURAL,ABIERTA,MONOLINGUE,MATUTINA,DIARIO(REGULAR),SACATEPÉQUEZ
03-04-0112-43,03-004,SACATEPEQUEZ,SUMPANGO,EORM,ALDEA CHIPOTON,49812689,MIRIAM VERONICA GIL QUISQUINAY,LIDIA MARIELI SANJAY CHOC,PRIMARIA,OFICIAL,RURAL,ABIERTA,MONOLINGUE,MATUTINA,DIARIO(REGULAR),SACATEPÉQUEZ
03-04-0113-43,03-004,SACATEPEQUEZ,SUMPANGO,EORM,CERO AVENIDA 1-15 ZONA 2 ALDEA SAN JOSE EL YALU,30225366,MIRIAM VERONICA GIL QUISQUINAY,ANDREA MICHELLE CASTILLO SILIEZAR,PRIMARIA,OFICIAL,RURAL,ABIERTA,MONOLINGUE,MATUTINA,DIARIO(REGULAR),SACATEPÉQUEZ
03-04-0114-43,03-004,SACATEPEQUEZ,SUMPANGO,EORM,1A. CALLE 2-01 ZONA 0 ALDEA SAN RAFAEL EL ARADO,,MIRIAM VERONICA GIL QUISQUINAY,JUAN CARLOS CERNA SANTOS,PRIMARIA,OFICIAL,RURAL,ABIERTA,MONOLINGUE,MATUTINA,DIARIO(REGULAR),SACATEPÉQUEZ
03-04-0115-43,03-004,SACATEPEQUEZ,SUMPANGO,EORM,ALDEA EL REJON,42882260,MIRIAM VERONICA GIL QUISQUINAY,JUAN INOCENTE DE PAZ DÍAZ,PRIMARIA,OFICIAL,RURAL,ABIERTA,MONOLINGUE,MATUTINA,DIARIO(REGULAR),SACATEPÉQUEZ
03-04-0250-43,03-004,SACATEPEQUEZ,SUMPANGO,INSTITUTO NUESTRA SEÑORA DE CONCEPCION,"3A. AVENIDA 5-05, ZONA 4 COLONIA LA BONITA",52121320,MIRIAM VERONICA GIL QUISQUINAY,MARÍA DE LOS ANGELES VILLAGRÁN GUZMÁN,PRIMARIA,PRIVADO,URBANA,ABIERTA,MONOLINGUE,MATUTINA,DIARIO(REGULAR),SACATEPÉQUEZ
03-04-1061-43,03-004,SACATEPEQUEZ,SUMPANGO,EORM,COMUNIDAD GUACHIPILIN,40114993,MIRIAM VERONICA GIL QUISQUINAY,SANTIAGO CUÁ AJSIVINAC,PRIMARIA,OFICIAL,RURAL,ABIERTA,MONOLINGUE,MATUTINA,DIARIO(REGULAR),SACATEPÉQUEZ
03-04-1361-43,03-004,SACATEPEQUEZ,SUMPANGO,CENTRO EDUCATIVO TECNOLOGICO DESARROLLO INTEGRAL CETEDI,2A. CALLE 2-32 ZONA 5,53248515,MIRIAM VERONICA GIL QUISQUINAY,GLORIA ANTONIETA ASTURIAS CHIQUITÓ,PRIMARIA,PRIVADO,URBANA,ABIERTA,MONOLINGUE,MATUTINA,DIARIO(REGULAR),SACATEPÉQUEZ
03-05-0007-43,03-010,SACATEPEQUEZ,SANTO DOMINGO XENACOJ,EORM COMUNIDAD EL CALVARIO,COMUNIDAD EL CALVARIO,55864280,OSCAR HUMBERTO SUBUYUJ GIL,GILBERTO ADAN AQUINO CHOC,PRIMARIA,OFICIAL,RURAL,ABIERTA,BILINGUE,MATUTINA,DIARIO(REGULAR),SACATEPÉQUEZ
03-05-0008-43,03-010,SACATEPEQUEZ,SANTO DOMINGO XENACOJ,EORM ALDEA SAN ANTONIO,ALDEA SAN ANTONIO,54517653,OSCAR HUMBERTO SUBUYUJ GIL,MARÍA ALICIA CHÓC AQUINO,PRIMARIA,OFICIAL,RURAL,ABIERTA,BILINGUE,MATUTINA,DIARIO(REGULAR),SACATEPÉQUEZ
03-05-0009-43,03-010,SACATEPEQUEZ,SANTO DOMINGO XENACOJ,EORM,ALDEA EL ROSARIO,41330727,OSCAR HUMBERTO SUBUYUJ GIL,DALIA MAGDALY ESPAÑA CHILE,PRIMARIA,OFICIAL,RURAL,ABIERTA,BILINGUE,MATUTINA,DIARIO(REGULAR),SACATEPÉQUEZ
03-05-0010-43,03-010,SACATEPEQUEZ,SANTO DOMINGO XENACOJ,EORM,COLONIA EL ESFUERZO,41809263,OSCAR HUMBERTO SUBUYUJ GIL,MATEO TÚN,PRIMARIA,OFICIAL,RURAL,ABIERTA,MONOLINGUE,MATUTINA,DIARIO(REGULAR),SACATEPÉQUEZ
03-05-0020-43,03-010,SACATEPEQUEZ,SANTO DOMINGO XENACOJ,COLEGIO LICEO CLASICO MIXTO EN COMPUTACION GUATEMALTECO,0 CALLE 3-45 ZONA 1,54420245,OSCAR HUMBERTO SUBUYUJ GIL,ANNIE LADY ESPAÑA TUY,PRIMARIA,PRIVADO,URBANA,ABIERTA,MONOLINGUE,MATUTINA,DIARIO(REGULAR),SACATEPÉQUEZ
03-05-0026-43,03-010,SACATEPEQUEZ,SANTO DOMINGO XENACOJ,COLEGIO BILINGUE SANTO DOMINGO,"2A. CALLE 5-61, COLONIA EL CARMEN, ZONA 2",54608791,OSCAR HUMBERTO SUBUYUJ GIL,IRMA ANABELLA CASTELLANOS GONZÁLEZ,PRIMARIA,PRIVADO,URBANA,ABIERTA,MONOLINGUE,MATUTINA,DIARIO(REGULAR),SACATEPÉQUEZ
03-05-0118-43,03-010,SACATEPEQUEZ,SANTO DOMINGO XENACOJ,EOUM,ZONA 3,52037751,OSCAR HUMBERTO SUBUYUJ GIL,SARA CARLOTA MEJÍA VIRULA,PRIMARIA,OFICIAL,URBANA,ABIERTA,MONOLINGUE,MATUTINA,DIARIO(REGULAR),SACATEPÉQUEZ
03-05-0297-43,03-010,SACATEPEQUEZ,SANTO DOMINGO XENACOJ,EOUM,ZONA 3 SANTO DOMINGO XENACOJ,30119201,OSCAR HUMBERTO SUBUYUJ GIL,AURA VERÓNICA HERNÁNDEZ VELÁSQUEZ,PRIMARIA,OFICIAL,URBANA,ABIERTA,MONOLINGUE,VESPERTINA,DIARIO(REGULAR),SACATEPÉQUEZ
03-06-0012-43,03-005,SACATEPEQUEZ,SANTIAGO SACATEPEQUEZ,LICEO EL CARMEN,2A. CALLE 2-21 ZONA 2,77283380,ROSALBINA SISIMIT PEREN DE SOCOP,GISLENA VARINIA VILLATORO VARGAS,PRIMARIA,PRIVADO,URBANA,ABIERTA,MONOLINGUE,MATUTINA,DIARIO(REGULAR),SACATEPÉQUEZ
03-06-0024-43,03-005,SACATEPEQUEZ,SANTIAGO SACATEPEQUEZ,EORM CENTRO AMERICA,"1A. AVENIDA 1-13 ZONA 2, ALDEA SANTA MARIA CAUQUE",32377720,ROSALBINA SISIMIT PEREN DE SOCOP,JUAN CARLOS SICAJAU CULAJAY,PRIMARIA,OFICIAL,RURAL,ABIERTA,MONOLINGUE,VESPERTINA,DIARIO(REGULAR),SACATEPÉQUEZ
03-06-0036-43,03-005,SACATEPEQUEZ,SANTIAGO SACATEPEQUEZ,INSTITUTO TECNOLOGICO EBENEZER,2A. CALLE 5-111 ZONA 1,50695027,ROSALBINA SISIMIT PEREN DE SOCOP,ANA RAQUEL LÓPEZ CORADO,PRIMARIA,PRIVADO,URBANA,ABIERTA,MONOLINGUE,MATUTINA,DIARIO(REGULAR),SACATEPÉQUEZ
03-06-0038-43,03-005,SACATEPEQUEZ,SANTIAGO SACATEPEQUEZ,K´ASLEM,2DA. CALLE 3-05 ZONA 2,78302644,ROSALBINA SISIMIT PEREN DE SOCOP,BYRON VINICIO SOCOREC YUCUTE,PRIMARIA,PRIVADO,URBANA,ABIERTA,MONOLINGUE,MATUTINA,DIARIO(REGULAR),SACATEPÉQUEZ
03-06-0040-43,03-005,SACATEPEQUEZ,SANTIAGO SACATEPEQUEZ,MIS PRIMEROS PASITOS,"RESIDENCIALES SANTA AMELIA LOTE 55, SECTOR SUR, ALDEA PACHALI",78308551,ROSALBINA SISIMIT PEREN DE SOCOP,BERNÍCE BEATRIZ ARGUETA SÁNCHEZ,PRIMARIA,PRIVADO,RURAL,ABIERTA,MONOLINGUE,MATUTINA,DIARIO(REGULAR),SACATEPÉQUEZ
03-06-0046-43,03-005,SACATEPEQUEZ,SANTIAGO SACATEPEQUEZ,INSTITUTO MIXTO LOMA LINDA,6TA. CALLE 1-33 ZONA 2,32189500,ROSALBINA SISIMIT PEREN DE SOCOP,ARLIN GARY ARRIVILLAGA BARRIOS,PRIMARIA,PRIVADO,URBANA,ABIERTA,MONOLINGUE,MATUTINA,DIARIO(REGULAR),SACATEPÉQUEZ
03-06-0049-43,03-005,SACATEPEQUEZ,SANTIAGO SACATEPEQUEZ,COLEGIO CRISTIANO TEN FE,"7MA. AVENIDA B, 1-25 ZONA 1",41840908,ROSALBINA SISIMIT PEREN DE SOCOP,MIRIAM LETICIA TICÚN COLOC,PRIMARIA,PRIVADO,URBANA,ABIERTA,MONOLINGUE,MATUTINA,DIARIO(REGULAR),SACATEPÉQUEZ
03-06-0060-43,03-005,SACATEPEQUEZ,SANTIAGO SACATEPEQUEZ,ESCUELA OFICIAL URBANA MIXTA BILINGUE 10 DE MAYO,6A. AVENIDA2-00 ZONA 4,41496201,ROSALBINA SISIMIT PEREN DE SOCOP,DIANA ROSIBEL PUAC XOC,PRIMARIA,OFICIAL,URBANA,ABIERTA,BILINGUE,VESPERTINA,DIARIO(REGULAR),SACATEPÉQUEZ
03-06-0062-43,03-005,SACATEPEQUEZ,SANTIAGO SACATEPEQUEZ,CENTRO EDUCATIVO AMERICANO GUATEMALTECO,KM. 36 LOTE NO. 79 ZONA 0 CAMINO A SAN PEDRO SACATEPEQUEZ,36975793,ROSALBINA SISIMIT PEREN DE SOCOP,RONAL ERALDO ESTRADA ESTRADA,PRIMARIA,PRIVADO,RURAL,ABIERTA,MONOLINGUE,MATUTINA,DIARIO(REGULAR),SACATEPÉQUEZ
03-06-0124-43,03-005,SACATEPEQUEZ,SANTIAGO SACATEPEQUEZ,EOUM ESTADOS UNIDOS DE AMERICA,CANTON ABAJO,78312829,ROSALBINA SISIMIT PEREN DE SOCOP,OSCAR HUMBERTO REYES REJOPACHÍ,PRIMARIA,OFICIAL,URBANA,ABIERTA,MONOLINGUE,MATUTINA,DIARIO(REGULAR),SACATEPÉQUEZ
03-06-0125-43,03-005,SACATEPEQUEZ,SANTIAGO SACATEPEQUEZ,EORM,ALDEA SAN JOSE PACUL,32762960,ROSALBINA SISIMIT PEREN DE SOCOP,EFRAIN TAQUEZ CHICOP,PRIMARIA,OFICIAL,RURAL,ABIERTA,MONOLINGUE,MATUTINA,DIARIO(REGULAR),SACATEPÉQUEZ
03-06-0126-43,03-005,SACATEPEQUEZ,SANTIAGO SACATEPEQUEZ,EORM CENTRO AMERICA,1A. AVENIDA 1-13 ZONA 2 ALDEA SANTA MARIA CAUQUE,34285149,ROSALBINA SISIMIT PEREN DE SOCOP,JUAN GUILLERMO GARCÍA SANJAY,PRIMARIA,OFICIAL,RURAL,ABIERTA,MONOLINGUE,MATUTINA,DIARIO(REGULAR),SACATEPÉQUEZ
03-06-0127-43,03-005,SACATEPEQUEZ,SANTIAGO SACATEPEQUEZ,EORM,ALDEA PACHALI,42997610,ROSALBINA SISIMIT PEREN DE SOCOP,REGINA CAJBÓN VELÁSQUEZ,PRIMARIA,OFICIAL,RURAL,ABIERTA,MONOLINGUE,MATUTINA,DIARIO(REGULAR),SACATEPÉQUEZ
03-06-0223-43,03-005,SACATEPEQUEZ,SANTIAGO SACATEPEQUEZ,EOUM BILINGUE 10 DE MAYO,6A. AVENIDA 2-00 ZONA 4,53560527,ROSALBINA SISIMIT PEREN DE SOCOP,JOSEFA XINICO YOS,PRIMARIA,OFICIAL,URBANA,ABIERTA,BILINGUE,MATUTINA,DIARIO(REGULAR),SACATEPÉQUEZ
03-06-0277-43,03-005,SACATEPEQUEZ,SANTIAGO SACATEPEQUEZ,EOUM ESTADOS UNIDOS DE AMERICA,6A. AVENIDA 1-57 ZONA 4,54068500,ROSALBINA SISIMIT PEREN DE SOCOP,SANDY ARGENTINA OSEIDA NAVAS,PRIMARIA,OFICIAL,URBANA,ABIERTA,MONOLINGUE,VESPERTINA,DIARIO(REGULAR),SACATEPÉQUEZ
03-06-0879-43,03-005,SACATEPEQUEZ,SANTIAGO SACATEPEQUEZ,EORM,CASERIO CHIXOLIS,43363236,ROSALBINA SISIMIT PEREN DE SOCOP,ALBERTO BOC RAXON,PRIMARIA,OFICIAL,RURAL,ABIERTA,MONOLINGUE,MATUTINA,DIARIO(REGULAR),SACATEPÉQUEZ
03-06-1216-43,03-005,SACATEPEQUEZ,SANTIAGO SACATEPEQUEZ,COLEGIO CENTRO DE APRENDIZAJE INTELECTO (INTELLEGO),LOTE NO. 333 JARDINES DE SANTIAGO,79641800,ROSALBINA SISIMIT PEREN DE SOCOP,MICHELLE LUCRECIA VALDÉS TOCK,PRIMARIA,PRIVADO,RURAL,ABIERTA,MONOLINGUE,MATUTINA,DIARIO(REGULAR),SACATEPÉQUEZ
03-06-1348-43,03-005,SACATEPEQUEZ,SANTIAGO SACATEPEQUEZ,COLEGIO MIXTO EVANGELICO BUENAS NUEVAS,6A. CALLE 1-33 ZONA 2,53350310,ROSALBINA SISIMIT PEREN DE SOCOP,JOAB DANIEL JUÁREZ ARRIOLA,PRIMARIA,PRIVADO,URBANA,ABIERTA,MONOLINGUE,MATUTINA,DIARIO(REGULAR),SACATEPÉQUEZ
03-07-0009-43,03-010,SACATEPEQUEZ,SAN BARTOLOME MILPAS ALTAS,EORM,COMUNIDAD LA CUMBRE,,OSCAR HUMBERTO SUBUYUJ GIL,MIRIAM ELENA HERNANDEZ VELÁSQUEZ,PRIMARIA,OFICIAL,RURAL,ABIERTA,MONOLINGUE,MATUTINA,DIARIO(REGULAR),SACATEPÉQUEZ
03-07-0013-43,03-010,SACATEPEQUEZ,SAN BARTOLOME MILPAS ALTAS,COLEGIO BILINGUE SHEFAR,"5TA. CALLE, PROLONGACION 4-72 ZONA 2",78312073,OSCAR HUMBERTO SUBUYUJ GIL,NORMA GRICELDA SALAZAR CASIÁ,PRIMARIA,PRIVADO,URBANA,ABIERTA,MONOLINGUE,MATUTINA,DIARIO(REGULAR),SACATEPÉQUEZ
03-07-0026-43,03-010,SACATEPEQUEZ,SAN BARTOLOME MILPAS ALTAS,CENTRO EDUCATIVO MUNICIPAL SAN BARTOLOME MILPAS ALTAS,FINCA EL CERRO 2DA. AVENIDA 5-82 ZONA 1,50695027,OSCAR HUMBERTO SUBUYUJ GIL,ANA RAQUEL LÓPEZ CORADO,PRIMARIA,MUNICIPAL,URBANA,ABIERTA,MONOLINGUE,NOCTURNA,DIARIO(REGULAR),SACATEPÉQUEZ
03-07-0028-43,03-010,SACATEPEQUEZ,SAN BARTOLOME MILPAS ALTAS,ESCUELA OFICIAL URBANA MIXTA BILINGUE,4TA. AVENIDA 1-49 ZONA 4,51339908,OSCAR HUMBERTO SUBUYUJ GIL,KARLA REBECA VELÁSQUEZ CÁCERES,PRIMARIA,OFICIAL,URBANA,ABIERTA,BILINGUE,MATUTINA,DIARIO(REGULAR),SACATEPÉQUEZ
03-07-0030-43,03-010,SACATEPEQUEZ,SAN BARTOLOME MILPAS ALTAS,COLEGIO CRISTIANO LEGACY,5A. CALLE 3-01ZONA 2,41765892,OSCAR HUMBERTO SUBUYUJ GIL,YUDY MAYDELY GARCÍA AXPUAC,PRIMARIA,PRIVADO,URBANA,ABIERTA,MONOLINGUE,MATUTINA,DIARIO(REGULAR),SACATEPÉQUEZ
03-07-0132-43,03-010,SACATEPEQUEZ,SAN BARTOLOME MILPAS ALTAS,EOUM 'LAZARO AXPUACA',3A. CALLE 1-11 ZONA 1,78304620,OSCAR HUMBERTO SUBUYUJ GIL,ANA PATRICIA DE PAZ JEREZ,PRIMARIA,OFICIAL,URBANA,ABIERTA,MONOLINGUE,MATUTINA,DIARIO(REGULAR),SACATEPÉQUEZ
03-07-0306-43,03-010,SACATEPEQUEZ,SAN BARTOLOME MILPAS ALTAS,COLEGIO CRISTIANO MIXTO ALELUYA,KILOMETRO 32 CARRETERA INTERAMERICANA,78312329,OSCAR HUMBERTO SUBUYUJ GIL,FLOR LOURDES CHICOL SIPAC,PRIMARIA,PRIVADO,URBANA,ABIERTA,MONOLINGUE,MATUTINA,DIARIO(REGULAR),SACATEPÉQUEZ
03-08-0003-43,03-005,SACATEPEQUEZ,SAN LUCAS SACATEPEQUEZ,CENTRO EDUCATIVO LA COLINA,"6TA. CALLE 1-14 Y 1-16 Y 7MA. CALLE 1-11, CASCO URBANO ZONA 1",77901500,ROSALBINA SISIMIT PEREN DE SOCOP,IRIS JOHANNA REYES MORALES,PRIMARIA,PRIVADO,URBANA,ABIERTA,MONOLINGUE,MATUTINA,DIARIO(REGULAR),SACATEPÉQUEZ
03-08-0012-43,03-005,SACATEPEQUEZ,SAN LUCAS SACATEPEQUEZ,EORM,CALLE DE LA ESCUELA 2-60 CASERIO CHICAMEN ZONA 5,49183228,ROSALBINA SISIMIT PEREN DE SOCOP,SANDRA VERÓNICA REJOPACHÍ CALLEJAS,PRIMARIA,OFICIAL,RURAL,ABIERTA,MONOLINGUE,MATUTINA,DIARIO(REGULAR),SACATEPÉQUEZ
03-08-0014-43,03-005,SACATEPEQUEZ,SAN LUCAS SACATEPEQUEZ,COLEGIO APRENDIENDO A CRECER,LOTE 50 JARDINES DE SAN LUCAS 2,78304832,ROSALBINA SISIMIT PEREN DE SOCOP,MONICA MARIBEL HERNANDEZ VIELMAN,PRIMARIA,PRIVADO,URBANA,ABIERTA,MONOLINGUE,MATUTINA,DIARIO(REGULAR),SACATEPÉQUEZ
03-08-0048-43,03-005,SACATEPEQUEZ,SAN LUCAS SACATEPEQUEZ,"COLEGIO SENDERO KID""S","2DA. CALLE ENTRE 1RA. Y 3RA. AVENIDA CALLEJON ""3"" 0-23 CASCO URBANO ZONA 1 02/01/2018",58260050,ROSALBINA SISIMIT PEREN DE SOCOP,MARÍA FERNANDA BOCHE ALBIZÚ,PRIMARIA,PRIVADO,RURAL,ABIERTA,MONOLINGUE,MATUTINA,DIARIO(REGULAR),SACATEPÉQUEZ
03-08-0050-43,03-005,SACATEPEQUEZ,SAN LUCAS SACATEPEQUEZ,COLEGIO SOLE MONTESSORI,"LOTE NO. 23, JARDINES DE DE SAN LUCAS II, CASCO URBANO",77251967,ROSALBINA SISIMIT PEREN DE SOCOP,JONATHAN DANIEL CASTELLÁN OROZCO,PRIMARIA,PRIVADO,URBANA,ABIERTA,MONOLINGUE,MATUTINA,DIARIO(REGULAR),SACATEPÉQUEZ
03-08-0062-43,03-005,SACATEPEQUEZ,SAN LUCAS SACATEPEQUEZ,LA BRINCOTECA BILINGUAL SCHOOL,1A. AVENIDA 3-38 ZONA 2,32320457,ROSALBINA SISIMIT PEREN DE SOCOP,ELIZABETH SHALOM QUIÑONEZ GOLON,PRIMARIA,PRIVADO,URBANA,ABIERTA,MONOLINGUE,MATUTINA,DIARIO(REGULAR),SACATEPÉQUEZ
03-08-0139-43,03-005,SACATEPEQUEZ,SAN LUCAS SACATEPEQUEZ,COLEGIO MIXTO TEZULUTLAN,1AV. Y 6A CALLE 1-80 CALLE AL CEMENTERIO,78308948,ROSALBINA SISIMIT PEREN DE SOCOP,JESSICA LIZETH ALVAREZ AVILA,PRIMARIA,PRIVADO,URBANA,ABIERTA,MONOLINGUE,MATUTINA,DIARIO(REGULAR),SACATEPÉQUEZ
03-08-0140-43,03-005,SACATEPEQUEZ,SAN LUCAS SACATEPEQUEZ,CENTRO EDUCATIVO GETSEMANI,2A. AVENIDA 3-00 ZONA 1,78308921,ROSALBINA SISIMIT PEREN DE SOCOP,WILSON ARNOLDO HERNÁNDEZ CASTAÑEDA,PRIMARIA,PRIVADO,URBANA,ABIERTA,MONOLINGUE,MATUTINA,DIARIO(REGULAR),SACATEPÉQUEZ
03-08-0141-43,03-005,SACATEPEQUEZ,SAN LUCAS SACATEPEQUEZ,EOUM 'REPUBLICA FEDERAL DE CENTRO AMERICA',"KM. 28.5, CARRETERA INTERAMERICANA",42124728,ROSALBINA SISIMIT PEREN DE SOCOP,EDDIE EUGENIO TOHÓN MARTÍNEZ,PRIMARIA,OFICIAL,URBANA,ABIERTA,MONOLINGUE,MATUTINA,DIARIO(REGULAR),SACATEPÉQUEZ
03-08-0142-43,03-005,SACATEPEQUEZ,SAN LUCAS SACATEPEQUEZ,EORM 'SARA DE LA HOZ DE MENDEZ MONTENEGRO',ALDEA CHOACORRAL,57734786,ROSALBINA SISIMIT PEREN DE SOCOP,MONICA LUCILA QUIÑONEZ AJVIX,PRIMARIA,OFICIAL,RURAL,ABIERTA,MONOLINGUE,MATUTINA,DIARIO(REGULAR),SACATEPÉQUEZ
03-08-0143-43,03-005,SACATEPEQUEZ,SAN LUCAS SACATEPEQUEZ,EORM LICDA. MARIA TEREZA DE BRIZ,ALDEA LA EMBAULADA,40943441,ROSALBINA SISIMIT PEREN DE SOCOP,SONIA ISABEL FLORES CHITAY,PRIMARIA,OFICIAL,RURAL,ABIERTA,MONOLINGUE,MATUTINA,DIARIO(REGULAR),SACATEPÉQUEZ
03-08-0144-43,03-005,SACATEPEQUEZ,SAN LUCAS SACATEPEQUEZ,EORM,ALDEA ZORZOYA I,49826752,ROSALBINA SISIMIT PEREN DE SOCOP,WÁLTER ORLANDO PÉREZ MORALES,PRIMARIA,OFICIAL,RURAL,ABIERTA,MONOLINGUE,MATUTINA,DIARIO(REGULAR),SACATEPÉQUEZ
03-08-0145-43,03-005,SACATEPEQUEZ,SAN LUCAS SACATEPEQUEZ,EORM,ALDEA EL MANZANILLO,49695739,ROSALBINA SISIMIT PEREN DE SOCOP,VIVIANA HAYDE ISMATUL REJOPACHI,PRIMARIA,OFICIAL,RURAL,ABIERTA,MONOLINGUE,MATUTINA,DIARIO(REGULAR),SACATEPÉQUEZ
03-08-0146-43,03-005,SACATEPEQUEZ,SAN LUCAS SACATEPEQUEZ,EORM,CASERIO SAN JOSE,78304702,ROSALBINA SISIMIT PEREN DE SOCOP,ANGELA XILOJ HERRERA,PRIMARIA,OFICIAL,RURAL,ABIERTA,MONOLINGUE,MATUTINA,DIARIO(REGULAR),SACATEPÉQUEZ
03-08-0227-43,03-005,SACATEPEQUEZ,SAN LUCAS SACATEPEQUEZ,EORM,ALDEA ZORZOYA II,54375429,ROSALBINA SISIMIT PEREN DE SOCOP,JOSÉ AMÉRICO MARTÍNEZ ASPUAC,PRIMARIA,OFICIAL,RURAL,ABIERTA,MONOLINGUE,MATUTINA,DIARIO(REGULAR),SACATEPÉQUEZ
03-08-0867-43,03-005,SACATEPEQUEZ,SAN LUCAS SACATEPEQUEZ,EOUM 'REPUBLICA FEDERAL DE CENTROAMERICA',KM. 28.5 CARRETERA INTERAMERICANA,78307534,ROSALBINA SISIMIT PEREN DE SOCOP,IRMA NOELIA HERNÁNDEZ RUIZ,PRIMARIA,OFICIAL,URBANA,ABIERTA,MONOLINGUE,VESPERTINA,DIARIO(REGULAR),SACATEPÉQUEZ
03-08-0959-43,03-005,SACATEPEQUEZ,SAN LUCAS SACATEPEQUEZ,LICEO CRISTIANO DE ESTUDIOS AVANZADOS ELIM,4A. CALLE Y 1A. AVENIDA A,78301212,ROSALBINA SISIMIT PEREN DE SOCOP,PABLO DAVID LICARDIÉ ARMAS,PRIMARIA,PRIVADO,URBANA,ABIERTA,MONOLINGUE,MATUTINA,DIARIO(REGULAR),SACATEPÉQUEZ
03-08-0989-43,03-005,SACATEPEQUEZ,SAN LUCAS SACATEPEQUEZ,COLEGIO MIXTO INTEGRAL,4A. CALLE 4-06 CASCO URBANO ZONA 1,78301329,ROSALBINA SISIMIT PEREN DE SOCOP,SARA LÓPEZ EGUIZABAL,PRIMARIA,PRIVADO,URBANA,ABIERTA,MONOLINGUE,MATUTINA,DIARIO(REGULAR),SACATEPÉQUEZ
03-08-1146-43,03-005,SACATEPEQUEZ,SAN LUCAS SACATEPEQUEZ,COLEGIO VALLE AMERICANO,LOTE II GRANJA LAS AMERICAS JARDINES DE SAN LUCAS IV,78301515,ROSALBINA SISIMIT PEREN DE SOCOP,BRENDA LORENA CABRERA SARAVIA,PRIMARIA,PRIVADO,URBANA,ABIERTA,MONOLINGUE,MATUTINA,DIARIO(REGULAR),SACATEPÉQUEZ
03-08-1191-43,03-005,SACATEPEQUEZ,SAN LUCAS SACATEPEQUEZ,COLEGIO BILINGUE CAMPO VERDE,KILOMETRO 26 AUTOPISTA 3A. AVENIDA 2-15 ALDEA CHOACORRAL ZONA 4,77218461,ROSALBINA SISIMIT PEREN DE SOCOP,CLAUDIA MARÍA CALDERÓN CACERES,PRIMARIA,PRIVADO,RURAL,ABIERTA,MONOLINGUE,MATUTINA,DIARIO(REGULAR),SACATEPÉQUEZ
03-08-1220-43,03-005,SACATEPEQUEZ,SAN LUCAS SACATEPEQUEZ,COLEGIO SAN JERONIMO 'EMILIANI',JARDINES DE SAN LUCAS,78308936,ROSALBINA SISIMIT PEREN DE SOCOP,ANA CORINA CHÓ CALLEJAS,PRIMARIA,PRIVADO,URBANA,ABIERTA,MONOLINGUE,MATUTINA,DIARIO(REGULAR),SACATEPÉQUEZ
03-08-1415-43,03-005,SACATEPEQUEZ,SAN LUCAS SACATEPEQUEZ,COLEGIO BILINGUE SAN LUCAS,"LOTE 10, VILLA LAURA, JARDINES DE SAN LUCAS II",78304516,ROSALBINA SISIMIT PEREN DE SOCOP,JACKELINNE ARACELY HERNÁNDEZ HERNÁNDEZ,PRIMARIA,PRIVADO,URBANA,ABIERTA,MONOLINGUE,MATUTINA,DIARIO(REGULAR),SACATEPÉQUEZ
03-09-0028-43,03-006,SACATEPEQUEZ,SANTA LUCIA MILPAS ALTAS,"""COMUNIDAD EDUCATIVA UNIVERSAL"" (CEU)","CALZADA EBEN-EZER, ""GRANJA VALERIA"" LOTE NO. 4 SANTO TOMAS, ZONA 3",34187338,JOEL CHANCHO SIRIN,SOCHIL ESCARLET ACAJABÓN,PRIMARIA,PRIVADO,RURAL,ABIERTA,BILINGUE,MATUTINA,DIARIO(REGULAR),SACATEPÉQUEZ
03-09-0031-43,03-006,SACATEPEQUEZ,SANTA LUCIA MILPAS ALTAS,"COLEGIO MIXTO ""HERMANO PEDRO""","3RA. CALLE, CALLEJON ""M"" 3-28, ALDEA SANTO TOMAS MILPAS ALTAS",51043556,JOEL CHANCHO SIRIN,IMELDA MARIANA DEL CID GONZÁLEZ,PRIMARIA,PRIVADO,RURAL,ABIERTA,MONOLINGUE,MATUTINA,DIARIO(REGULAR),SACATEPÉQUEZ
03-09-0044-43,03-006,SACATEPEQUEZ,SANTA LUCIA MILPAS ALTAS,CENTRO EDUCATIVO HOPE ACADEMY,"3RA. CALLE PONIENTE FINAL 0-06, GRANJA SANTA LUCIA, CAM. A TRES CUMBRES CAS.URB. ZONA 1",51976041,JOEL CHANCHO SIRIN,GLENDA MARÍA DUARTE ARCÓN,PRIMARIA,PRIVADO,URBANA,ABIERTA,MONOLINGUE,MATUTINA,DIARIO(REGULAR),SACATEPÉQUEZ
03-09-0050-43,03-006,SACATEPEQUEZ,SANTA LUCIA MILPAS ALTAS,COLEGIO MIXTO SANTO TOMAS APOSTOL,"2A. CALLE 0-26 B, ALDEA SANTO TOMAS MILPAS ALTAS",41830674,JOEL CHANCHO SIRIN,ENY AMARILIS HERNÁNDEZ LÓPEZ,PRIMARIA,PRIVADO,RURAL,ABIERTA,MONOLINGUE,MATUTINA,DIARIO(REGULAR),SACATEPÉQUEZ
03-09-0053-43,03-006,SACATEPEQUEZ,SANTA LUCIA MILPAS ALTAS,CENTRO EDUCATIVO BILINGUE FASE,"KILOMETRO 31.5 LOTE 23, ZONA 00, ALDEA LA LIBERTAD",77560966,JOEL CHANCHO SIRIN,STEPHANIE LUCY VALDEZ GONZÁLEZ,PRIMARIA,PRIVADO,RURAL,ABIERTA,MONOLINGUE,MATUTINA,VIRTUAL A DISTANCIA,SACATEPÉQUEZ
03-09-0157-43,03-006,SACATEPEQUEZ,SANTA LUCIA MILPAS ALTAS,COLEGIO CRISTIANO SABER Y GRACIA,3ERA. CALLEJON I 3-09 ZONA 2 ALDEA SANTO TOMAS MILPAS ALTAS,78302095,JOEL CHANCHO SIRIN,RUDI ARNOLDO PINEDA LÓPEZ,PRIMARIA,PRIVADO,RURAL,ABIERTA,MONOLINGUE,MATUTINA,DIARIO(REGULAR),SACATEPÉQUEZ
03-09-0158-43,03-006,SACATEPEQUEZ,SANTA LUCIA MILPAS ALTAS,EOUM,SANTA LUCIA MILPAS ALTAS,42826220,JOEL CHANCHO SIRIN,SONIA ARACELY LOBOS GÓMEZ,PRIMARIA,OFICIAL,URBANA,ABIERTA,MONOLINGUE,MATUTINA,DIARIO(REGULAR),SACATEPÉQUEZ
03-09-0159-43,03-006,SACATEPEQUEZ,SANTA LUCIA MILPAS ALTAS,EORM,ALDEA SANTO TOMAS MILPAS ALTAS,59076623,JOEL CHANCHO SIRIN,BLANCA ANABELA ARAGON UBEDA,PRIMARIA,OFICIAL,RURAL,ABIERTA,MONOLINGUE,MATUTINA,DIARIO(REGULAR),SACATEPÉQUEZ
03-09-0160-43,03-006,SACATEPEQUEZ,SANTA LUCIA MILPAS ALTAS,EORM,ALDEA LA LIBERTAD,54453068,JOEL CHANCHO SIRIN,CARMEN YOHANA NUÑEZ LAZ,PRIMARIA,OFICIAL,RURAL,ABIERTA,MONOLINGUE,MATUTINA,DIARIO(REGULAR),SACATEPÉQUEZ
03-09-0161-43,03-006,SACATEPEQUEZ,SANTA LUCIA MILPAS ALTAS,EORM,PARCELAMIENTO SANTA ROSA,,JOEL CHANCHO SIRIN,SERGIO LIZANDRO ACAJABÓN MARROQUÍN,PRIMARIA,OFICIAL,RURAL,ABIERTA,MONOLINGUE,MATUTINA,DIARIO(REGULAR),SACATEPÉQUEZ
03-09-0941-43,03-006,SACATEPEQUEZ,SANTA LUCIA MILPAS ALTAS,CENTRO EDUCATIVO CRISTIANO VIDA Y ESPERANZA,4TA CALLE Y 4TA. AVE. 2-31 ZONA 1 SANTA LUCIA MILPAS ALTAS,55170368,JOEL CHANCHO SIRIN,OLGA CAROLINA ESTRADA REYES,PRIMARIA,PRIVADO,URBANA,ABIERTA,MONOLINGUE,MATUTINA,DIARIO(REGULAR),SACATEPÉQUEZ
03-09-1222-43,03-006,SACATEPEQUEZ,SANTA LUCIA MILPAS ALTAS,LICEO SANTA LUCIA,6A. AVENIDA 1-15 ZONA 1,44711013,JOEL CHANCHO SIRIN,JACQUELINNE AURA YUMÁN FERNÁNDEZ,PRIMARIA,PRIVADO,URBANA,ABIERTA,MONOLINGUE,MATUTINA,DIARIO(REGULAR),SACATEPÉQUEZ
03-10-0006-43,03-006,SACATEPEQUEZ,MAGDALENA MILPAS ALTAS,CENTRO EDUCATIVO INTEGRAL FUENTE DE ESPERANZA,PRIMERA CALLE G-22 CAMINO A ALDEA BUENA VISTA ZONA 4,56163696,JOEL CHANCHO SIRIN,NOHELIA MIGDALIA PÉREZ PÉREZ,PRIMARIA,PRIVADO,RURAL,ABIERTA,MONOLINGUE,MATUTINA,DIARIO(REGULAR),SACATEPÉQUEZ
03-10-0012-43,03-006,SACATEPEQUEZ,MAGDALENA MILPAS ALTAS,CENTRO EDUCATIVO DEEPSTREAM,"MANZANA 10 LOTE #9. 1, ALDEA BUENA VISTA",53296012,JOEL CHANCHO SIRIN,DENIA CANDELARIA SÁNCHEZ GARCÍA,PRIMARIA,PRIVADO,RURAL,ABIERTA,MONOLINGUE,MATUTINA,DIARIO(REGULAR),SACATEPÉQUEZ
03-10-0021-43,03-006,SACATEPEQUEZ,MAGDALENA MILPAS ALTAS,COLEGIO MIXTO MONROY,4A.AVENIDA CALLEJON FINAL,50162621,JOEL CHANCHO SIRIN,LESVIA CAROLA MONROY LÓPEZ,PRIMARIA,PRIVADO,URBANA,ABIERTA,MONOLINGUE,MATUTINA,DIARIO(REGULAR),SACATEPÉQUEZ
03-10-0164-43,03-006,SACATEPEQUEZ,MAGDALENA MILPAS ALTAS,EOUM HUNAPU,3A. AVENIDA A-1 ZONA 5,47337695,JOEL CHANCHO SIRIN,MIRTALA ARACELY DONIS GOMEZ,PRIMARIA,OFICIAL,URBANA,ABIERTA,MONOLINGUE,MATUTINA,DIARIO(REGULAR),SACATEPÉQUEZ
03-10-0165-43,03-006,SACATEPEQUEZ,MAGDALENA MILPAS ALTAS,EORM,ALDEA SAN MIGUEL MILPAS ALTAS,52276360,JOEL CHANCHO SIRIN,NANCY ELIZABETH MARTÍNEZ HERNÁNDEZ,PRIMARIA,OFICIAL,RURAL,ABIERTA,MONOLINGUE,MATUTINA,DIARIO(REGULAR),SACATEPÉQUEZ
03-10-0166-43,03-006,SACATEPEQUEZ,MAGDALENA MILPAS ALTAS,EORM,ALDEA BUENAVISTA,33714574,JOEL CHANCHO SIRIN,JOEL ARMANDO SALAZAR GIRÓN,PRIMARIA,OFICIAL,RURAL,ABIERTA,MONOLINGUE,MATUTINA,DIARIO(REGULAR),SACATEPÉQUEZ
03-10-0934-43,03-006,SACATEPEQUEZ,MAGDALENA MILPAS ALTAS,EOUM HUNAPU,MAGDALENA MILPAS ALTAS,78302394,JOEL CHANCHO SIRIN,RONY FERNANDO GOMEZ,PRIMARIA,OFICIAL,URBANA,ABIERTA,MONOLINGUE,VESPERTINA,DIARIO(REGULAR),SACATEPÉQUEZ
03-10-1159-43,03-006,SACATEPEQUEZ,MAGDALENA MILPAS ALTAS,EORM 11 DE AGOSTO,COLONIA 11 DE AGOSTO,54280876,JOEL CHANCHO SIRIN,RUBY DANILO HERNÁNDEZ RAMOS,PRIMARIA,OFICIAL,RURAL,ABIERTA,MONOLINGUE,MATUTINA,DIARIO(REGULAR),SACATEPÉQUEZ
03-11-0006-43,03-009,SACATEPEQUEZ,SANTA MARIA DE JESUS,EOUM NUEVO MILENIO,"SECTOR CHACAYA, 6A. CALLE 0-76 ZONA 2",53794985,AURA MARINA LORENZO SAGCHE,JUANA JUDITH ORÓN CUBUR,PRIMARIA,OFICIAL,URBANA,ABIERTA,MONOLINGUE,VESPERTINA,DIARIO(REGULAR),SACATEPÉQUEZ
03-11-0010-43,03-009,SACATEPEQUEZ,SANTA MARIA DE JESUS,ESCUELA KEMNA OJ,TERCER CANTON TRES GUION TRESCIENTOS CINCUENTA Y SIETE,56638276,AURA MARINA LORENZO SAGCHE,MARÍA DE LOS ÁNGELES JIMÉNEZ ROSALES,PRIMARIA,PRIVADO,RURAL,ABIERTA,MONOLINGUE,MATUTINA,DIARIO(REGULAR),SACATEPÉQUEZ
03-11-0012-43,03-009,SACATEPEQUEZ,SANTA MARIA DE JESUS,CENTRO EDUCATIVO JARDIN DE AMOR,"CANTON CUARTO CASA NO. 4-752 ""A""",59803448,AURA MARINA LORENZO SAGCHE,ELIZABETH ALVAREZ YUMÁN,PRIMARIA,PRIVADO,RURAL,ABIERTA,MONOLINGUE,MATUTINA,DIARIO(REGULAR),SACATEPÉQUEZ
03-11-0019-43,03-009,SACATEPEQUEZ,SANTA MARIA DE JESUS,COLEGIO ANGELITOS DE DIOS,"PRIMER CANTON CALLE REAL CASA NO. 1-03 ""A""",44807969,AURA MARINA LORENZO SAGCHE,ALMA JUDITH CHÀVEZ TIJ,PRIMARIA,PRIVADO,URBANA,ABIERTA,MONOLINGUE,MATUTINA,DIARIO(REGULAR),SACATEPÉQUEZ
03-11-0025-43,03-009,SACATEPEQUEZ,SANTA MARIA DE JESUS,COLEGIO TRAVESIA DE CONOCIMIENTOS,"1ER. CANTON, CALLE DE LAS ROSAS 1-232",54360254,AURA MARINA LORENZO SAGCHE,ESTEBAN GARCÍA SUNÚN,PRIMARIA,PRIVADO,URBANA,ABIERTA,MONOLINGUE,MATUTINA,DIARIO(REGULAR),SACATEPÉQUEZ
03-11-0171-43,03-009,SACATEPEQUEZ,SANTA MARIA DE JESUS,EOUN LEONOR ROSALES VDA. DE RAMIREZ,1A. AVENIDA 1-53 ZONA 1,41342765,AURA MARINA LORENZO SAGCHE,MACEDONIA CHUNUJ ACALÓN,PRIMARIA,OFICIAL,URBANA,ABIERTA,MONOLINGUE,MATUTINA,DIARIO(REGULAR),SACATEPÉQUEZ
03-11-0172-43,03-009,SACATEPEQUEZ,SANTA MARIA DE JESUS,EOUV MARIANO NAVARRETE,0 CALLE 5-96 ZONA 6,59797068,AURA MARINA LORENZO SAGCHE,SARA LETICIA SICAJAU VÁSQUEZ,PRIMARIA,OFICIAL,URBANA,ABIERTA,MONOLINGUE,MATUTINA,DIARIO(REGULAR),SACATEPÉQUEZ
03-11-0174-43,03-009,SACATEPEQUEZ,SANTA MARIA DE JESUS,EOUM,6A. CALLE 0-76 ZONA 2,58296130,AURA MARINA LORENZO SAGCHE,JUANA LORENZO VÁSQUEZ,PRIMARIA,OFICIAL,URBANA,ABIERTA,MONOLINGUE,MATUTINA,DIARIO(REGULAR),SACATEPÉQUEZ
03-11-1051-43,03-009,SACATEPEQUEZ,SANTA MARIA DE JESUS,EOUM,PRIMER CANTON,,AURA MARINA LORENZO SAGCHE,CARLOS ENRIQUE LORENZO VÁSQUEZ,PRIMARIA,OFICIAL,URBANA,ABIERTA,MONOLINGUE,VESPERTINA,DIARIO(REGULAR),SACATEPÉQUEZ
03-11-1141-43,03-009,SACATEPEQUEZ,SANTA MARIA DE JESUS,CENTRO EDUCATIVO DE NIÑAS PROXIMOS PASOS,TERCER CANTON,45870587,AURA MARINA LORENZO SAGCHE,MARIO RODOLFO MENDEZ VICENTE,PRIMARIA,PRIVADO,URBANA,ABIERTA,MONOLINGUE,MATUTINA,DIARIO(REGULAR),SACATEPÉQUEZ
03-11-1261-43,03-009,SACATEPEQUEZ,SANTA MARIA DE JESUS,CENTRO EDUCATIVO NUEVA VIDA,CANTON TERCERO,78744748,AURA MARINA LORENZO SAGCHE,IRMA ROSENDA SIRIN SALAZAR,PRIMARIA,PRIVADO,URBANA,ABIERTA,MONOLINGUE,MATUTINA,DIARIO(REGULAR),SACATEPÉQUEZ
03-12-0010-43,03-007,SACATEPEQUEZ,CIUDAD VIEJA,EOUM,ZONA 1,56343369,MARLIS BERZABE REYES REYES,IRMA YOLANDA HERNÁNDEZ LÓPEZ,PRIMARIA,OFICIAL,URBANA,ABIERTA,MONOLINGUE,MATUTINA,DIARIO(REGULAR),SACATEPÉQUEZ
03-12-0016-43,03-007,SACATEPEQUEZ,CIUDAD VIEJA,COLEGIO CRISTIANO KAIROS,3A. CALLE 1-31 ZONA 1,78887757,MARLIS BERZABE REYES REYES,DANILO RENÉ GARCÍA BARRUTIA,PRIMARIA,PRIVADO,URBANA,ABIERTA,MONOLINGUE,MATUTINA,DIARIO(REGULAR),SACATEPÉQUEZ
03-12-0026-43,03-007,SACATEPEQUEZ,CIUDAD VIEJA,EORM LA COMUNIDAD,ALDEA SAN LORENZO EL CUBO,55666790,MARLIS BERZABE REYES REYES,SULMA MARIELA IBOY BARRIENTOS,PRIMARIA,OFICIAL,RURAL,ABIERTA,MONOLINGUE,MATUTINA,DIARIO(REGULAR),SACATEPÉQUEZ
03-12-0028-43,03-007,SACATEPEQUEZ,CIUDAD VIEJA,CENTRO EDUCATIVO EL PORVENIR,"CALLE EL SIGUAN, LOTE NO. 55 ALDEA SAN LORENZO EL CUBO",78315242,MARLIS BERZABE REYES REYES,MARVIN ROLANDO MINAS LÓPEZ,PRIMARIA,PRIVADO,RURAL,ABIERTA,MONOLINGUE,MATUTINA,DIARIO(REGULAR),SACATEPÉQUEZ
03-12-0046-43,03-007,SACATEPEQUEZ,CIUDAD VIEJA,COLEGIO ANTIGUA INTERNATIONAL SCHOOL,KILOMETRO 74.8 RUTA NACIONAL 14,77409435,MARLIS BERZABE REYES REYES,ORLANDO RUBEN SICAJOL TOLEDO,PRIMARIA,PRIVADO,URBANA,ABIERTA,BILINGUE,MATUTINA,DIARIO(REGULAR),SACATEPÉQUEZ
03-12-0066-43,03-007,SACATEPEQUEZ,CIUDAD VIEJA,CENTRO EDUCATIVO MIXTO LICEO DEL VALLE,6TA. CALLE 4-90 ZONA 1,53940871,MARLIS BERZABE REYES REYES,MAYRA VERONICA SANTIZO MÉNDEZ,PRIMARIA,PRIVADO,URBANA,ABIERTA,MONOLINGUE,MATUTINA,DIARIO(REGULAR),SACATEPÉQUEZ
03-12-0069-43,03-007,SACATEPEQUEZ,CIUDAD VIEJA,CENTRO EDUCATIVO ANTIGUA MONTESSORI,KILOMETRO 52,78340284,MARLIS BERZABE REYES REYES,ANALY PAREDES CAMAS,PRIMARIA,PRIVADO,RURAL,ABIERTA,MONOLINGUE,MATUTINA,DIARIO(REGULAR),SACATEPÉQUEZ
03-12-0077-43,03-007,SACATEPEQUEZ,CIUDAD VIEJA,COLEGIO VALLE ALEGRE,4TA. CALLE 3-61 ZONA 1,77565532,MARLIS BERZABE REYES REYES,RUTH MERY ORTIZ FLORES,PRIMARIA,PRIVADO,URBANA,ABIERTA,MONOLINGUE,MATUTINA,DIARIO(REGULAR),SACATEPÉQUEZ
03-12-0082-43,03-007,SACATEPEQUEZ,CIUDAD VIEJA,COLEGIO MIXTO SANTO TOMAS,4TA. CALLE 2-55 ZONA 2,55444455,MARLIS BERZABE REYES REYES,CLAUDIA YESENIA FLORES GONZÁLEZ,PRIMARIA,PRIVADO,URBANA,ABIERTA,MONOLINGUE,MATUTINA,DIARIO(REGULAR),SACATEPÉQUEZ
03-12-0084-43,03-007,SACATEPEQUEZ,CIUDAD VIEJA,COLEGIO SAN MIGUEL,6. CALLE 2-60 ZONA 6,40322650,MARLIS BERZABE REYES REYES,CLAUDIA YESENIA ORDOÑEZ MELGAR,PRIMARIA,PRIVADO,URBANA,ABIERTA,MONOLINGUE,MATUTINA,DIARIO(REGULAR),SACATEPÉQUEZ
03-12-0090-43,03-007,SACATEPEQUEZ,CIUDAD VIEJA,EORM,CASERIO BOSARREYES,59161723,MARLIS BERZABE REYES REYES,HENRY ORLANDO FIGUEROA VEGA,PRIMARIA,OFICIAL,RURAL,ABIERTA,MONOLINGUE,MATUTINA,DIARIO(REGULAR),SACATEPÉQUEZ
03-12-0104-43,03-007,SACATEPEQUEZ,CIUDAD VIEJA,CENTRO EDUCATIVO NUESTRO FUTURO,4A. AVENIDA FINAL 8-20 ZONA 3,78887912,MARLIS BERZABE REYES REYES,MARÍA EUGENIA VEGA SALVATIERRA,PRIMARIA,PRIVADO,URBANA,ABIERTA,MONOLINGUE,MATUTINA,DIARIO(REGULAR),SACATEPÉQUEZ
03-12-0111-43,03-007,SACATEPEQUEZ,CIUDAD VIEJA,COLEGIO MIS OSITOS,5A. AVENIDA 3-60 ZONA 5,55583021,MARLIS BERZABE REYES REYES,YENIFER DAYANA CÁN XIA,PRIMARIA,PRIVADO,URBANA,ABIERTA,MONOLINGUE,VESPERTINA,DIARIO(REGULAR),SACATEPÉQUEZ
03-12-0116-43,03-007,SACATEPEQUEZ,CIUDAD VIEJA,CENTRO EDUCATIVO EDUCAB SCHOOL,"0 CALLE ""A"" 088 ZONA 2",48119272,MARLIS BERZABE REYES REYES,MARÍA DE LOS ÁNGELES MIJANGOS HERNÁNDEZ,PRIMARIA,PRIVADO,URBANA,ABIERTA,MONOLINGUE,MATUTINA,DIARIO(REGULAR),SACATEPÉQUEZ
03-12-0179-43,03-007,SACATEPEQUEZ,CIUDAD VIEJA,EOUN 'FRANCISCO MARROQUIN',3A. CALLE 1-97 ZONA 4,56221284,MARLIS BERZABE REYES REYES,JOSÉ ALBERTO MARTÍNEZ ORTIZ,PRIMARIA,OFICIAL,URBANA,ABIERTA,MONOLINGUE,MATUTINA,DIARIO(REGULAR),SACATEPÉQUEZ
03-12-0180-43,03-007,SACATEPEQUEZ,CIUDAD VIEJA,EOUV 'FRAY MATIAS DE PAZ',ZONA 4,78340659,MARLIS BERZABE REYES REYES,TELMA ESPERANZA GARCÍA GUTIERREZ,PRIMARIA,OFICIAL,URBANA,ABIERTA,MONOLINGUE,MATUTINA,DIARIO(REGULAR),SACATEPÉQUEZ
03-12-0181-43,03-007,SACATEPEQUEZ,CIUDAD VIEJA,CPUM EL ADELANTO,2A. AVENIDA 2-55 ZONA 3,78315495,MARLIS BERZABE REYES REYES,CLAUDIO RENATO ARRIOLA GALINDO,PRIMARIA,PRIVADO,URBANA,ABIERTA,MONOLINGUE,DOBLE,DIARIO(REGULAR),SACATEPÉQUEZ
03-12-0182-43,03-007,SACATEPEQUEZ,CIUDAD VIEJA,EORM,ALDEA SAN LORENZO EL CUBO,,MARLIS BERZABE REYES REYES,ANTONIO RODAS ANDRINO,PRIMARIA,OFICIAL,RURAL,ABIERTA,MONOLINGUE,MATUTINA,DIARIO(REGULAR),SACATEPÉQUEZ
03-12-0183-43,03-007,SACATEPEQUEZ,CIUDAD VIEJA,EORM,4A. AVENIDA 5-95 ZONA 6,,MARLIS BERZABE REYES REYES,HORACIO ARMANDO ROMERO GONZÁLEZ,PRIMARIA,OFICIAL,RURAL,ABIERTA,MONOLINGUE,MATUTINA,DIARIO(REGULAR),SACATEPÉQUEZ
03-12-0184-43,03-007,SACATEPEQUEZ,CIUDAD VIEJA,EPRM EPRM,FINCA EL POTRERO,31501758,MARLIS BERZABE REYES REYES,IRMA CAROLINA GARCÍA FERNÁNDEZ,PRIMARIA,PRIVADO,RURAL,ABIERTA,MONOLINGUE,MATUTINA,DIARIO(REGULAR),SACATEPÉQUEZ
03-12-0228-43,03-007,SACATEPEQUEZ,CIUDAD VIEJA,COLEGIO MIXTO 'VALLE DE ALMOLONGA',3A. AVENIDA 1-74 ZONA 4,78340436,MARLIS BERZABE REYES REYES,JUANA CONSUELO SÁNCHEZ QUIÑONEZ,PRIMARIA,PRIVADO,URBANA,ABIERTA,MONOLINGUE,MATUTINA,DIARIO(REGULAR),SACATEPÉQUEZ
03-12-0284-43,03-007,SACATEPEQUEZ,CIUDAD VIEJA,EOUM,"3A. CALLE 1-97 ZONA 4, CIUDAD VIEJA",51699028,MARLIS BERZABE REYES REYES,SANDRA LETICIA LEAL LOPEZ,PRIMARIA,OFICIAL,URBANA,ABIERTA,MONOLINGUE,VESPERTINA,DIARIO(REGULAR),SACATEPÉQUEZ
03-12-0309-43,03-007,SACATEPEQUEZ,CIUDAD VIEJA,COLEGIO PRIVADO 'NUESTRA SEÑORA DE LOURDES',"5A. AVENIDA 1-95, ZONA 1",78340928,MARLIS BERZABE REYES REYES,MARÍA SARVELIA ROSAS ZELADA,PRIMARIA,PRIVADO,URBANA,ABIERTA,MONOLINGUE,MATUTINA,DIARIO(REGULAR),SACATEPÉQUEZ
03-12-0877-43,03-007,SACATEPEQUEZ,CIUDAD VIEJA,EORM,4TA. AVENIDA 5-95 ZONA 6 SAN MIGUEL ESCOBAR,50168673,MARLIS BERZABE REYES REYES,SANDRA PATRICIA SALAZAR REYES,PRIMARIA,OFICIAL,RURAL,ABIERTA,MONOLINGUE,VESPERTINA,DIARIO(REGULAR),SACATEPÉQUEZ
03-12-1115-43,03-007,SACATEPEQUEZ,CIUDAD VIEJA,COLEGIO MIXTO 'EL PILAR',"3A. AVENIDA 2-35 ZONA 6, BARRIO SAN MIGUEL ESCOBAR",36606357,MARLIS BERZABE REYES REYES,MANUEL EDUARDO SALAZAR MENDOZA,PRIMARIA,PRIVADO,RURAL,ABIERTA,MONOLINGUE,MATUTINA,DIARIO(REGULAR),SACATEPÉQUEZ
03-12-1166-43,03-007,SACATEPEQUEZ,CIUDAD VIEJA,EMUM EMUM,4 CALLE 4-30 ZONA 5,78886452,MARLIS BERZABE REYES REYES,MARÍA DE LOS ANGELES RUIZ GOLON,PRIMARIA,MUNICIPAL,URBANA,ABIERTA,MONOLINGUE,MATUTINA,DIARIO(REGULAR),SACATEPÉQUEZ
03-12-1186-43,03-007,SACATEPEQUEZ,CIUDAD VIEJA,COLEGIO BOSTON,SAN LORENZO EL CUBO,78886524,MARLIS BERZABE REYES REYES,LAURA JOSEFINA PALOMO MORALES,PRIMARIA,PRIVADO,RURAL,ABIERTA,MONOLINGUE,MATUTINA,DIARIO(REGULAR),SACATEPÉQUEZ
03-12-1235-43,03-007,SACATEPEQUEZ,CIUDAD VIEJA,COLEGIO MIXTO 'CAMINO DEL SABER',6A. CALLE 2-60 ZONA 6 SAN MIGUEL ESCOBAR,58287241,MARLIS BERZABE REYES REYES,MERY ORALIA REYES CAMPOS,PRIMARIA,PRIVADO,RURAL,ABIERTA,MONOLINGUE,MATUTINA,DIARIO(REGULAR),SACATEPÉQUEZ
03-12-1359-43,03-007,SACATEPEQUEZ,CIUDAD VIEJA,COLEGIO MIXTO MARIELOS II,2A. CALLE 1-19 ZONA 3,42779775,MARLIS BERZABE REYES REYES,MIGUEL ANTONIO CHÁVEZ,PRIMARIA,PRIVADO,URBANA,ABIERTA,MONOLINGUE,MATUTINA,DIARIO(REGULAR),SACATEPÉQUEZ
03-13-0001-43,03-008,SACATEPEQUEZ,SAN MIGUEL DUENAS,LICEO NUESTRA SEÑORA DE LOS ANGELES,CALLE REAL 2-26 ZONA 2,51008084,OSCAR YOVANY ZELADA CASTILLO,EROL OTONIEL YÁX SERRANO,PRIMARIA,PRIVADO,URBANA,ABIERTA,MONOLINGUE,MATUTINA,DIARIO(REGULAR),SACATEPÉQUEZ
03-13-0009-43,03-008,SACATEPEQUEZ,SAN MIGUEL DUENAS,"COLEGIO MIXTO ""SAN MIGUEL ARCANGEL""","CAMINO A SANTIAGO ZAMORA, VILLAS DE DUEÑAS LOTE NO. 4",51009332,OSCAR YOVANY ZELADA CASTILLO,LISBETH ESPAÑA MEJÍA,PRIMARIA,PRIVADO,URBANA,ABIERTA,MONOLINGUE,MATUTINA,DIARIO(REGULAR),SACATEPÉQUEZ
03-13-0018-43,03-008,SACATEPEQUEZ,SAN MIGUEL DUENAS,CENTRO EDUCATIVO SINDROME DE AMOR,5TA. AVENIDA 2-18 ZONA 2 VILLAS DE DUEÑAS,78886244,OSCAR YOVANY ZELADA CASTILLO,OLIVER ROLANDO PORÓN PALENCIA,PRIMARIA,PRIVADO,URBANA,ABIERTA,MONOLINGUE,MATUTINA,DIARIO(REGULAR),SACATEPÉQUEZ
03-13-0025-43,03-008,SACATEPEQUEZ,SAN MIGUEL DUENAS,COLEGIO INTEGRAL BILINGUE PAIDOS,4A. AVENIDA 3-12 ZONA 1,77707066,OSCAR YOVANY ZELADA CASTILLO,ALMA DELIA RODRÍGUEZ GÓMEZ,PRIMARIA,PRIVADO,URBANA,ABIERTA,MONOLINGUE,MATUTINA,DIARIO(REGULAR),SACATEPÉQUEZ
03-13-0189-43,03-008,SACATEPEQUEZ,SAN MIGUEL DUENAS,EOUM 'CARLOS WYLD OSPINA',4A. AVENIDA 1-11 ZONA 1,78315232,OSCAR YOVANY ZELADA CASTILLO,MARÍA GUILLERMA CASTELLANOS PALENCIA,PRIMARIA,OFICIAL,URBANA,ABIERTA,MONOLINGUE,MATUTINA,DIARIO(REGULAR),SACATEPÉQUEZ
03-13-0190-43,03-008,SACATEPEQUEZ,SAN MIGUEL DUENAS,EORM,ALDEA EL ROSARIO ALDEA EL ROSARIO,59538988,OSCAR YOVANY ZELADA CASTILLO,SANDRA EUNICIA CASTRO GÓMEZ,PRIMARIA,OFICIAL,RURAL,ABIERTA,MONOLINGUE,MATUTINA,DIARIO(REGULAR),SACATEPÉQUEZ
03-13-0191-43,03-008,SACATEPEQUEZ,SAN MIGUEL DUENAS,EPRM SALVADOR Y ROSARIO A. DE FALLA,FINCA SAN SEBASTIAN,47392382,OSCAR YOVANY ZELADA CASTILLO,TATIANA BEATRIZ PAZ CARRANZA,PRIMARIA,PRIVADO,RURAL,ABIERTA,MONOLINGUE,MATUTINA,DIARIO(REGULAR),SACATEPÉQUEZ
03-13-0928-43,03-008,SACATEPEQUEZ,SAN MIGUEL DUENAS,EOUM 'CARLOS WYLD OSPINA' JV,5A. AVENIDA 1-01 ZONA 2 VILLAS DE DUEÑAS,59538988,OSCAR YOVANY ZELADA CASTILLO,DORIS FELISA QUIÑONEZ MORALES,PRIMARIA,OFICIAL,URBANA,ABIERTA,MONOLINGUE,VESPERTINA,DIARIO(REGULAR),SACATEPÉQUEZ
03-13-0984-43,03-008,SACATEPEQUEZ,SAN MIGUEL DUENAS,EOUM NO.2,2AV. FINAL Y 1A. CALLE COMPLEJO DEPORTIVO ZONA 3,78315207,OSCAR YOVANY ZELADA CASTILLO,TOMAS ESTUARDO VEGA TOBAR,PRIMARIA,OFICIAL,URBANA,ABIERTA,MONOLINGUE,MATUTINA,DIARIO(REGULAR),SACATEPÉQUEZ
03-13-1300-43,03-008,SACATEPEQUEZ,SAN MIGUEL DUENAS,COLEGIO SAN LOLEK,5A. AVENIDA 9-10 ZONA 4,52198822,OSCAR YOVANY ZELADA CASTILLO,ELVISA RODRÍGUEZ VARELA,PRIMARIA,PRIVADO,URBANA,ABIERTA,MONOLINGUE,MATUTINA,DIARIO(REGULAR),SACATEPÉQUEZ
03-14-0002-43,03-008,SACATEPEQUEZ,ALOTENANGO,CENTRO EDUCATIVO BENDICION DE DIOS,PRIMER CANTON,77272078,OSCAR YOVANY ZELADA CASTILLO,GLENDA PAOLA PÉREZ LUIS,PRIMARIA,PRIVADO,RURAL,ABIERTA,MONOLINGUE,MATUTINA,DIARIO(REGULAR),SACATEPÉQUEZ
03-14-0015-43,03-008,SACATEPEQUEZ,ALOTENANGO,COLEGIO DEL BOSQUE,PRIMER CANTON,55680752,OSCAR YOVANY ZELADA CASTILLO,CARMEN YOANA GALINDO DE LEON,PRIMARIA,PRIVADO,URBANA,ABIERTA,MONOLINGUE,MATUTINA,DIARIO(REGULAR),SACATEPÉQUEZ
03-14-0016-43,03-008,SACATEPEQUEZ,ALOTENANGO,CENTRO EDUCATIVO BENDICION DE DIOS,PRIMER CANTON,77272078,OSCAR YOVANY ZELADA CASTILLO,GLENDA PAOLA PÉREZ LUIS,PRIMARIA,PRIVADO,URBANA,ABIERTA,MONOLINGUE,VESPERTINA,DIARIO(REGULAR),SACATEPÉQUEZ
03-14-0021-43,03-008,SACATEPEQUEZ,ALOTENANGO,"PROYECTO EDUCATIVO PARA LA NIÑEZ Y JUVENTUD GUATEMALTECA ""MASROOR AHMAD""",CALLE REAL CUARTO CANTON,55952730,OSCAR YOVANY ZELADA CASTILLO,CLAUDIA MARIBEL CIVIL OJOT,PRIMARIA,PRIVADO,URBANA,ABIERTA,MONOLINGUE,MATUTINA,DIARIO(REGULAR),SACATEPÉQUEZ
03-14-0030-43,03-008,SACATEPEQUEZ,ALOTENANGO,COLEGIO ESPERANZA DE VIDA,1A. CALLE 1ER. CANTON,59378519,OSCAR YOVANY ZELADA CASTILLO,JUANA VICTORIA PEREZ AJQUÌ,PRIMARIA,PRIVADO,URBANA,ABIERTA,MONOLINGUE,MATUTINA,DIARIO(REGULAR),SACATEPÉQUEZ
03-14-0035-43,03-008,SACATEPEQUEZ,ALOTENANGO,"CENTRO EDUCATIVO FE Y ALEGRIA NO. 56, SEMILLAS DE FE","0 CALLE ""C"" 5-66 ZONA 1",30395941,OSCAR YOVANY ZELADA CASTILLO,ELVA JESSENYA SICAJOL RANCHO,PRIMARIA,PRIVADO,URBANA,ABIERTA,MONOLINGUE,VESPERTINA,DIARIO(REGULAR),SACATEPÉQUEZ
03-14-0196-43,03-008,SACATEPEQUEZ,ALOTENANGO,EOUM MARIO MENDEZ MONTENEGRO,SEGUNDO CANTON,78306221,OSCAR YOVANY ZELADA CASTILLO,FLORIDALMA URIAS COC,PRIMARIA,OFICIAL,URBANA,ABIERTA,MONOLINGUE,MATUTINA,DIARIO(REGULAR),SACATEPÉQUEZ
03-14-0200-43,03-008,SACATEPEQUEZ,ALOTENANGO,EPRM ESCUELA PRIVADA RURAL MIXTA,FINCA CAPETILLO,,OSCAR YOVANY ZELADA CASTILLO,CARLOS ENRIQUE SANTIZO AJUCHÁN,PRIMARIA,PRIVADO,RURAL,ABIERTA,MONOLINGUE,MATUTINA,DIARIO(REGULAR),SACATEPÉQUEZ
03-14-0272-43,03-008,SACATEPEQUEZ,ALOTENANGO,EOUM MARIO MENDEZ MONTENEGRO,SEGUNDO CANTON,78306053,OSCAR YOVANY ZELADA CASTILLO,JOSÉ ANGEL CHOY MELGAR,PRIMARIA,OFICIAL,URBANA,ABIERTA,MONOLINGUE,VESPERTINA,DIARIO(REGULAR),SACATEPÉQUEZ
03-14-0281-43,03-008,SACATEPEQUEZ,ALOTENANGO,COLEGIO MIXTO INMACULADA,PRIMER CANTON,59468478,OSCAR YOVANY ZELADA CASTILLO,LUZ AMPARO MANSILLA ANDRADE,PRIMARIA,PRIVADO,URBANA,ABIERTA,MONOLINGUE,MATUTINA,DIARIO(REGULAR),SACATEPÉQUEZ
03-14-0985-43,03-008,SACATEPEQUEZ,ALOTENANGO,EORM,CASERIO EL PORVENIR,59538988,OSCAR YOVANY ZELADA CASTILLO,JAIME RODRÍGUEZ CASTILLO,PRIMARIA,OFICIAL,RURAL,ABIERTA,MONOLINGUE,MATUTINA,DIARIO(REGULAR),SACATEPÉQUEZ
03-15-0002-43,03-008,SACATEPEQUEZ,SAN ANTONIO AGUAS CALIENTES,COLEGIO EVANGELICO MIXTO CENTROAMERICANO EMANUEL,2DA. AVENIDA 7-01 ZONA 2,79439463,OSCAR YOVANY ZELADA CASTILLO,MIRIAM GLADYS HERNÁNDEZ HERNÁNDEZ,PRIMARIA,PRIVADO,URBANA,ABIERTA,MONOLINGUE,MATUTINA,DIARIO(REGULAR),SACATEPÉQUEZ
03-15-0021-43,03-008,SACATEPEQUEZ,SAN ANTONIO AGUAS CALIENTES,LICEO INTEGRAL BILINGÜE MENTES BRILLANTES,AVENIDA PRINCIPAL 2-31 ZONA 4,33514993,OSCAR YOVANY ZELADA CASTILLO,EDY ROMUALDO PÉREZ SINAY,PRIMARIA,PRIVADO,URBANA,ABIERTA,MONOLINGUE,MATUTINA,DIARIO(REGULAR),SACATEPÉQUEZ
03-15-0204-43,03-008,SACATEPEQUEZ,SAN ANTONIO AGUAS CALIENTES,EOUM,6A. CALLE FINAL 4-81 ZONA 2,35173485,OSCAR YOVANY ZELADA CASTILLO,DINA LISSETH ARDÓN GUZMÁN,PRIMARIA,OFICIAL,URBANA,ABIERTA,MONOLINGUE,MATUTINA,DIARIO(REGULAR),SACATEPÉQUEZ
03-15-0205-43,03-008,SACATEPEQUEZ,SAN ANTONIO AGUAS CALIENTES,COLEGIO EVANGELICO MIXTO NIMAYA,3A. CALLE D 0-21 ZONA 1,53901284,OSCAR YOVANY ZELADA CASTILLO,ETHELVINA GARCÍA NICOLÁS,PRIMARIA,PRIVADO,URBANA,ABIERTA,MONOLINGUE,MATUTINA,DIARIO(REGULAR),SACATEPÉQUEZ
03-15-0206-43,03-008,SACATEPEQUEZ,SAN ANTONIO AGUAS CALIENTES,COLEGIO PARROQUIAL MIXTO EL HERMANO PEDRO,3A. CALLE 0-07 ZONA 1,79439644,OSCAR YOVANY ZELADA CASTILLO,DONIS MARYLIN LÓPEZ SALAZAR,PRIMARIA,PRIVADO,URBANA,ABIERTA,MONOLINGUE,MATUTINA,DIARIO(REGULAR),SACATEPÉQUEZ
03-15-0207-43,03-008,SACATEPEQUEZ,SAN ANTONIO AGUAS CALIENTES,EORM,ALDEA SAN ANDRES CEBALLOS,55361663,OSCAR YOVANY ZELADA CASTILLO,MARTA LIRIA LÓPEZ CHÁVEZ,PRIMARIA,OFICIAL,RURAL,ABIERTA,MONOLINGUE,MATUTINA,DIARIO(REGULAR),SACATEPÉQUEZ
03-15-0208-43,03-008,SACATEPEQUEZ,SAN ANTONIO AGUAS CALIENTES,EORM,ALDEA SANTIAGO ZAMORA,,OSCAR YOVANY ZELADA CASTILLO,CELIA FLORENTINA GÓMEZ GODÍNEZ,PRIMARIA,OFICIAL,RURAL,ABIERTA,MONOLINGUE,MATUTINA,DIARIO(REGULAR),SACATEPÉQUEZ
03-16-0004-43,03-007,SACATEPEQUEZ,SANTA CATARINA BARAHONA,EORM,CANTON CHIRIJUYU ZONA 1,59300356,MARLIS BERZABE REYES REYES,WALTER VINICIO ZAMORA GÓMEZ,PRIMARIA,OFICIAL,RURAL,ABIERTA,MONOLINGUE,MATUTINA,DIARIO(REGULAR),SACATEPÉQUEZ
03-16-0008-43,03-007,SACATEPEQUEZ,SANTA CATARINA BARAHONA,CENTRO EDUCATIVO MUNICIPAL CONSTRUYENDO FUTURO,PLAZUELA CENTRAL ZONA 3,41034586,MARLIS BERZABE REYES REYES,KANDY ANTONIETA SALAZAR LÓPEZ,PRIMARIA,MUNICIPAL,URBANA,ABIERTA,MONOLINGUE,VESPERTINA,DIARIO(REGULAR),SACATEPÉQUEZ
03-16-0210-43,03-007,SACATEPEQUEZ,SANTA CATARINA BARAHONA,"EOUM ""PROFESOR ANGEL ARTURO LAGUARDIA ROMERO""",ZONA 3,51164332,MARLIS BERZABE REYES REYES,NERY LEONEL MARÍN HERNÁNDEZ,PRIMARIA,OFICIAL,URBANA,ABIERTA,MONOLINGUE,MATUTINA,DIARIO(REGULAR),SACATEPÉQUEZ
,,,,,,,,,,,,,,,,
