file_name,column,nulls
alta_verapaz_basico_table9.csv,CODIGO,1
alta_verapaz_basico_table9.csv,DISTRITO,1
alta_verapaz_basico_table9.csv,DEPARTAMENTO,1
alta_verapaz_basico_table9.csv,MUNICIPIO,1
alta_verapaz_basico_table9.csv,ESTABLECIMIENTO,1
alta_verapaz_basico_table9.csv,DIRECCION,1
alta_verapaz_basico_table9.csv,TELEFONO,61
alta_verapaz_basico_table9.csv,SUPERVISOR,1
alta_verapaz_basico_table9.csv,DIRECTOR,1
alta_verapaz_basico_table9.csv,NIVEL,1
alta_verapaz_basico_table9.csv,SECTOR,1
alta_verapaz_basico_table9.csv,AREA,1
alta_verapaz_basico_table9.csv,STATUS,1
alta_verapaz_basico_table9.csv,MODALIDAD,1
alta_verapaz_basico_table9.csv,JORNADA,1
alta_verapaz_basico_table9.csv,PLAN,1
alta_verapaz_basico_table9.csv,DEPARTAMENTAL,1
alta_verapaz_diversificado_table9.csv,CODIGO,1
alta_verapaz_diversificado_table9.csv,DISTRITO,1
alta_verapaz_diversificado_table9.csv,DEPARTAMENTO,1
alta_verapaz_diversificado_table9.csv,MUNICIPIO,1
alta_verapaz_diversificado_table9.csv,ESTABLECIMIENTO,1
alta_verapaz_diversificado_table9.csv,DIRECCION,1
alta_verapaz_diversificado_table9.csv,TELEFONO,7
alta_verapaz_diversificado_table9.csv,SUPERVISOR,1
alta_verapaz_diversificado_table9.csv,DIRECTOR,1
alta_verapaz_diversificado_table9.csv,NIVEL,1
alta_verapaz_diversificado_table9.csv,SECTOR,1
alta_verapaz_diversificado_table9.csv,AREA,1
alta_verapaz_diversificado_table9.csv,STATUS,1
alta_verapaz_diversificado_table9.csv,MODALIDAD,1
alta_verapaz_diversificado_table9.csv,JORNADA,1
alta_verapaz_diversificado_table9.csv,PLAN,1
alta_verapaz_diversificado_table9.csv,DEPARTAMENTAL,1
alta_verapaz_preprimaria_table9.csv,CODIGO,1
alta_verapaz_preprimaria_table9.csv,DISTRITO,1
alta_verapaz_preprimaria_table9.csv,DEPARTAMENTO,1
alta_verapaz_preprimaria_table9.csv,MUNICIPIO,1
alta_verapaz_preprimaria_table9.csv,ESTABLECIMIENTO,1
alta_verapaz_preprimaria_table9.csv,DIRECCION,1
alta_verapaz_preprimaria_table9.csv,TELEFONO,377
alta_verapaz_preprimaria_table9.csv,SUPERVISOR,1
alta_verapaz_preprimaria_table9.csv,DIRECTOR,1
alta_verapaz_preprimaria_table9.csv,NIVEL,1
alta_verapaz_preprimaria_table9.csv,SECTOR,1
alta_verapaz_preprimaria_table9.csv,AREA,1
alta_verapaz_preprimaria_table9.csv,STATUS,1
alta_verapaz_preprimaria_table9.csv,MODALIDAD,1
alta_verapaz_preprimaria_table9.csv,JORNADA,1
alta_verapaz_preprimaria_table9.csv,PLAN,1
alta_verapaz_preprimaria_table9.csv,DEPARTAMENTAL,1
alta_verapaz_primaria_table9.csv,CODIGO,1
alta_verapaz_primaria_table9.csv,DISTRITO,1
alta_verapaz_primaria_table9.csv,DEPARTAMENTO,1
alta_verapaz_primaria_table9.csv,MUNICIPIO,1
alta_verapaz_primaria_table9.csv,ESTABLECIMIENTO,1
alta_verapaz_primaria_table9.csv,DIRECCION,1
alta_verapaz_primaria_table9.csv,TELEFONO,634
alta_verapaz_primaria_table9.csv,SUPERVISOR,1
alta_verapaz_primaria_table9.csv,DIRECTOR,1
alta_verapaz_primaria_table9.csv,NIVEL,1
alta_verapaz_primaria_table9.csv,SECTOR,1
alta_verapaz_primaria_table9.csv,AREA,1
alta_verapaz_primaria_table9.csv,STATUS,1
alta_verapaz_primaria_table9.csv,MODALIDAD,1
alta_verapaz_primaria_table9.csv,JORNADA,1
alta_verapaz_primaria_table9.csv,PLAN,1
alta_verapaz_primaria_table9.csv,DEPARTAMENTAL,1
baja_verapaz_basico_table9.csv,CODIGO,1
baja_verapaz_basico_table9.csv,DISTRITO,1
baja_verapaz_basico_table9.csv,DEPARTAMENTO,1
baja_verapaz_basico_table9.csv,MUNICIPIO,1
baja_verapaz_basico_table9.csv,ESTABLECIMIENTO,1
baja_verapaz_basico_table9.csv,DIRECCION,1
baja_verapaz_basico_table9.csv,TELEFONO,13
baja_verapaz_basico_table9.csv,SUPERVISOR,1
baja_verapaz_basico_table9.csv,DIRECTOR,1
baja_verapaz_basico_table9.csv,NIVEL,1
baja_verapaz_basico_table9.csv,SECTOR,1
baja_verapaz_basico_table9.csv,AREA,1
baja_verapaz_basico_table9.csv,STATUS,1
baja_verapaz_basico_table9.csv,MODALIDAD,1
baja_verapaz_basico_table9.csv,JORNADA,1
baja_verapaz_basico_table9.csv,PLAN,1
baja_verapaz_basico_table9.csv,DEPARTAMENTAL,1
baja_verapaz_diversificado_table9.csv,CODIGO,1
baja_verapaz_diversificado_table9.csv,DISTRITO,1
baja_verapaz_diversificado_table9.csv,DEPARTAMENTO,1
baja_verapaz_diversificado_table9.csv,MUNICIPIO,1
baja_verapaz_diversificado_table9.csv,ESTABLECIMIENTO,1
baja_verapaz_diversificado_table9.csv,DIRECCION,1
baja_verapaz_diversificado_table9.csv,TELEFONO,1
baja_verapaz_diversificado_table9.csv,SUPERVISOR,1
baja_verapaz_diversificado_table9.csv,DIRECTOR,1
baja_verapaz_diversificado_table9.csv,NIVEL,1
baja_verapaz_diversificado_table9.csv,SECTOR,1
baja_verapaz_diversificado_table9.csv,AREA,1
baja_verapaz_diversificado_table9.csv,STATUS,1
baja_verapaz_diversificado_table9.csv,MODALIDAD,1
baja_verapaz_diversificado_table9.csv,JORNADA,1
baja_verapaz_diversificado_table9.csv,PLAN,1
baja_verapaz_diversificado_table9.csv,DEPARTAMENTAL,1
baja_verapaz_preprimaria_table9.csv,CODIGO,1
baja_verapaz_preprimaria_table9.csv,DISTRITO,1
baja_verapaz_preprimaria_table9.csv,DEPARTAMENTO,1
baja_verapaz_preprimaria_table9.csv,MUNICIPIO,1
baja_verapaz_preprimaria_table9.csv,ESTABLECIMIENTO,1
baja_verapaz_preprimaria_table9.csv,DIRECCION,1
baja_verapaz_preprimaria_table9.csv,TELEFONO,40
baja_verapaz_preprimaria_table9.csv,SUPERVISOR,1
baja_verapaz_preprimaria_table9.csv,DIRECTOR,1
baja_verapaz_preprimaria_table9.csv,NIVEL,1
baja_verapaz_preprimaria_table9.csv,SECTOR,1
baja_verapaz_preprimaria_table9.csv,AREA,1
baja_verapaz_preprimaria_table9.csv,STATUS,1
baja_verapaz_preprimaria_table9.csv,MODALIDAD,1
baja_verapaz_preprimaria_table9.csv,JORNADA,1
baja_verapaz_preprimaria_table9.csv,PLAN,1
baja_verapaz_preprimaria_table9.csv,DEPARTAMENTAL,1
baja_verapaz_primaria_table9.csv,CODIGO,1
baja_verapaz_primaria_table9.csv,DISTRITO,1
baja_verapaz_primaria_table9.csv,DEPARTAMENTO,1
baja_verapaz_primaria_table9.csv,MUNICIPIO,1
baja_verapaz_primaria_table9.csv,ESTABLECIMIENTO,1
baja_verapaz_primaria_table9.csv,DIRECCION,1
baja_verapaz_primaria_table9.csv,TELEFONO,167
baja_verapaz_primaria_table9.csv,SUPERVISOR,1
baja_verapaz_primaria_table9.csv,DIRECTOR,1
baja_verapaz_primaria_table9.csv,NIVEL,1
baja_verapaz_primaria_table9.csv,SECTOR,1
baja_verapaz_primaria_table9.csv,AREA,1
baja_verapaz_primaria_table9.csv,STATUS,1
baja_verapaz_primaria_table9.csv,MODALIDAD,1
baja_verapaz_primaria_table9.csv,JORNADA,1
baja_verapaz_primaria_table9.csv,PLAN,1
baja_verapaz_primaria_table9.csv,DEPARTAMENTAL,1
chimaltenango_basico_table9.csv,CODIGO,1
chimaltenango_basico_table9.csv,DISTRITO,1
chimaltenango_basico_table9.csv,DEPARTAMENTO,1
chimaltenango_basico_table9.csv,MUNICIPIO,1
chimaltenango_basico_table9.csv,ESTABLECIMIENTO,1
chimaltenango_basico_table9.csv,DIRECCION,1
chimaltenango_basico_table9.csv,TELEFONO,14
chimaltenango_basico_table9.csv,SUPERVISOR,1
chimaltenango_basico_table9.csv,DIRECTOR,1
chimaltenango_basico_table9.csv,NIVEL,1
chimaltenango_basico_table9.csv,SECTOR,1
chimaltenango_basico_table9.csv,AREA,1
chimaltenango_basico_table9.csv,STATUS,1
chimaltenango_basico_table9.csv,MODALIDAD,1
chimaltenango_basico_table9.csv,JORNADA,1
chimaltenango_basico_table9.csv,PLAN,1
chimaltenango_basico_table9.csv,DEPARTAMENTAL,1
chimaltenango_diversificado_table9.csv,CODIGO,1
chimaltenango_diversificado_table9.csv,DISTRITO,1
chimaltenango_diversificado_table9.csv,DEPARTAMENTO,1
chimaltenango_diversificado_table9.csv,MUNICIPIO,1
chimaltenango_diversificado_table9.csv,ESTABLECIMIENTO,1
chimaltenango_diversificado_table9.csv,DIRECCION,1
chimaltenango_diversificado_table9.csv,TELEFONO,1
chimaltenango_diversificado_table9.csv,SUPERVISOR,1
chimaltenango_diversificado_table9.csv,DIRECTOR,1
chimaltenango_diversificado_table9.csv,NIVEL,1
chimaltenango_diversificado_table9.csv,SECTOR,1
chimaltenango_diversificado_table9.csv,AREA,1
chimaltenango_diversificado_table9.csv,STATUS,1
chimaltenango_diversificado_table9.csv,MODALIDAD,1
chimaltenango_diversificado_table9.csv,JORNADA,1
chimaltenango_diversificado_table9.csv,PLAN,1
chimaltenango_diversificado_table9.csv,DEPARTAMENTAL,1
chimaltenango_preprimaria_table9.csv,CODIGO,1
chimaltenango_preprimaria_table9.csv,DISTRITO,1
chimaltenango_preprimaria_table9.csv,DEPARTAMENTO,1
chimaltenango_preprimaria_table9.csv,MUNICIPIO,1
chimaltenango_preprimaria_table9.csv,ESTABLECIMIENTO,1
chimaltenango_preprimaria_table9.csv,DIRECCION,1
chimaltenango_preprimaria_table9.csv,TELEFONO,64
chimaltenango_preprimaria_table9.csv,SUPERVISOR,1
chimaltenango_preprimaria_table9.csv,DIRECTOR,1
chimaltenango_preprimaria_table9.csv,NIVEL,1
chimaltenango_preprimaria_table9.csv,SECTOR,1
chimaltenango_preprimaria_table9.csv,AREA,1
chimaltenango_preprimaria_table9.csv,STATUS,1
chimaltenango_preprimaria_table9.csv,MODALIDAD,1
chimaltenango_preprimaria_table9.csv,JORNADA,1
chimaltenango_preprimaria_table9.csv,PLAN,1
chimaltenango_preprimaria_table9.csv,DEPARTAMENTAL,1
chimaltenango_primaria_table9.csv,CODIGO,1
chimaltenango_primaria_table9.csv,DISTRITO,1
chimaltenango_primaria_table9.csv,DEPARTAMENTO,1
chimaltenango_primaria_table9.csv,MUNICIPIO,1
chimaltenango_primaria_table9.csv,ESTABLECIMIENTO,1
chimaltenango_primaria_table9.csv,DIRECCION,1
chimaltenango_primaria_table9.csv,TELEFONO,126
chimaltenango_primaria_table9.csv,SUPERVISOR,1
chimaltenango_primaria_table9.csv,DIRECTOR,1
chimaltenango_primaria_table9.csv,NIVEL,1
chimaltenango_primaria_table9.csv,SECTOR,1
chimaltenango_primaria_table9.csv,AREA,1
chimaltenango_primaria_table9.csv,STATUS,1
chimaltenango_primaria_table9.csv,MODALIDAD,1
chimaltenango_primaria_table9.csv,JORNADA,1
chimaltenango_primaria_table9.csv,PLAN,1
chimaltenango_primaria_table9.csv,DEPARTAMENTAL,1
chiquimula_basico_table9.csv,CODIGO,1
chiquimula_basico_table9.csv,DISTRITO,1
chiquimula_basico_table9.csv,DEPARTAMENTO,1
chiquimula_basico_table9.csv,MUNICIPIO,1
chiquimula_basico_table9.csv,ESTABLECIMIENTO,1
chiquimula_basico_table9.csv,DIRECCION,1
chiquimula_basico_table9.csv,TELEFONO,7
chiquimula_basico_table9.csv,SUPERVISOR,1
chiquimula_basico_table9.csv,DIRECTOR,4
chiquimula_basico_table9.csv,NIVEL,1
chiquimula_basico_table9.csv,SECTOR,1
chiquimula_basico_table9.csv,AREA,1
chiquimula_basico_table9.csv,STATUS,1
chiquimula_basico_table9.csv,MODALIDAD,1
chiquimula_basico_table9.csv,JORNADA,1
chiquimula_basico_table9.csv,PLAN,1
chiquimula_basico_table9.csv,DEPARTAMENTAL,1
chiquimula_diversificado_table9.csv,CODIGO,1
chiquimula_diversificado_table9.csv,DISTRITO,1
chiquimula_diversificado_table9.csv,DEPARTAMENTO,1
chiquimula_diversificado_table9.csv,MUNICIPIO,1
chiquimula_diversificado_table9.csv,ESTABLECIMIENTO,1
chiquimula_diversificado_table9.csv,DIRECCION,1
chiquimula_diversificado_table9.csv,TELEFONO,8
chiquimula_diversificado_table9.csv,SUPERVISOR,1
chiquimula_diversificado_table9.csv,DIRECTOR,3
chiquimula_diversificado_table9.csv,NIVEL,1
chiquimula_diversificado_table9.csv,SECTOR,1
chiquimula_diversificado_table9.csv,AREA,1
chiquimula_diversificado_table9.csv,STATUS,1
chiquimula_diversificado_table9.csv,MODALIDAD,1
chiquimula_diversificado_table9.csv,JORNADA,1
chiquimula_diversificado_table9.csv,PLAN,1
chiquimula_diversificado_table9.csv,DEPARTAMENTAL,1
chiquimula_preprimaria_table9.csv,CODIGO,1
chiquimula_preprimaria_table9.csv,DISTRITO,1
chiquimula_preprimaria_table9.csv,DEPARTAMENTO,1
chiquimula_preprimaria_table9.csv,MUNICIPIO,1
chiquimula_preprimaria_table9.csv,ESTABLECIMIENTO,1
chiquimula_preprimaria_table9.csv,DIRECCION,1
chiquimula_preprimaria_table9.csv,TELEFONO,2
chiquimula_preprimaria_table9.csv,SUPERVISOR,1
chiquimula_preprimaria_table9.csv,DIRECTOR,1
chiquimula_preprimaria_table9.csv,NIVEL,1
chiquimula_preprimaria_table9.csv,SECTOR,1
chiquimula_preprimaria_table9.csv,AREA,1
chiquimula_preprimaria_table9.csv,STATUS,1
chiquimula_preprimaria_table9.csv,MODALIDAD,1
chiquimula_preprimaria_table9.csv,JORNADA,1
chiquimula_preprimaria_table9.csv,PLAN,1
chiquimula_preprimaria_table9.csv,DEPARTAMENTAL,1
chiquimula_primaria_table9.csv,CODIGO,1
chiquimula_primaria_table9.csv,DISTRITO,1
chiquimula_primaria_table9.csv,DEPARTAMENTO,1
chiquimula_primaria_table9.csv,MUNICIPIO,1
chiquimula_primaria_table9.csv,ESTABLECIMIENTO,1
chiquimula_primaria_table9.csv,DIRECCION,1
chiquimula_primaria_table9.csv,TELEFONO,121
chiquimula_primaria_table9.csv,SUPERVISOR,1
chiquimula_primaria_table9.csv,DIRECTOR,11
chiquimula_primaria_table9.csv,NIVEL,1
chiquimula_primaria_table9.csv,SECTOR,1
chiquimula_primaria_table9.csv,AREA,1
chiquimula_primaria_table9.csv,STATUS,1
chiquimula_primaria_table9.csv,MODALIDAD,1
chiquimula_primaria_table9.csv,JORNADA,1
chiquimula_primaria_table9.csv,PLAN,1
chiquimula_primaria_table9.csv,DEPARTAMENTAL,1
el_progreso_basico_table9.csv,CODIGO,1
el_progreso_basico_table9.csv,DISTRITO,1
el_progreso_basico_table9.csv,DEPARTAMENTO,1
el_progreso_basico_table9.csv,MUNICIPIO,1
el_progreso_basico_table9.csv,ESTABLECIMIENTO,1
el_progreso_basico_table9.csv,DIRECCION,1
el_progreso_basico_table9.csv,TELEFONO,22
el_progreso_basico_table9.csv,SUPERVISOR,1
el_progreso_basico_table9.csv,DIRECTOR,1
el_progreso_basico_table9.csv,NIVEL,1
el_progreso_basico_table9.csv,SECTOR,1
el_progreso_basico_table9.csv,AREA,1
el_progreso_basico_table9.csv,STATUS,1
el_progreso_basico_table9.csv,MODALIDAD,1
el_progreso_basico_table9.csv,JORNADA,1
el_progreso_basico_table9.csv,PLAN,1
el_progreso_basico_table9.csv,DEPARTAMENTAL,1
el_progreso_diversificado_table9.csv,CODIGO,1
el_progreso_diversificado_table9.csv,DISTRITO,1
el_progreso_diversificado_table9.csv,DEPARTAMENTO,1
el_progreso_diversificado_table9.csv,MUNICIPIO,1
el_progreso_diversificado_table9.csv,ESTABLECIMIENTO,1
el_progreso_diversificado_table9.csv,DIRECCION,1
el_progreso_diversificado_table9.csv,TELEFONO,3
el_progreso_diversificado_table9.csv,SUPERVISOR,1
el_progreso_diversificado_table9.csv,DIRECTOR,1
el_progreso_diversificado_table9.csv,NIVEL,1
el_progreso_diversificado_table9.csv,SECTOR,1
el_progreso_diversificado_table9.csv,AREA,1
el_progreso_diversificado_table9.csv,STATUS,1
el_progreso_diversificado_table9.csv,MODALIDAD,1
el_progreso_diversificado_table9.csv,JORNADA,1
el_progreso_diversificado_table9.csv,PLAN,1
el_progreso_diversificado_table9.csv,DEPARTAMENTAL,1
el_progreso_primaria_table9.csv,CODIGO,1
el_progreso_primaria_table9.csv,DISTRITO,1
el_progreso_primaria_table9.csv,DEPARTAMENTO,1
el_progreso_primaria_table9.csv,MUNICIPIO,1
el_progreso_primaria_table9.csv,ESTABLECIMIENTO,1
el_progreso_primaria_table9.csv,DIRECCION,1
el_progreso_primaria_table9.csv,TELEFONO,113
el_progreso_primaria_table9.csv,SUPERVISOR,1
el_progreso_primaria_table9.csv,DIRECTOR,2
el_progreso_primaria_table9.csv,NIVEL,1
el_progreso_primaria_table9.csv,SECTOR,1
el_progreso_primaria_table9.csv,AREA,1
el_progreso_primaria_table9.csv,STATUS,1
el_progreso_primaria_table9.csv,MODALIDAD,1
el_progreso_primaria_table9.csv,JORNADA,1
el_progreso_primaria_table9.csv,PLAN,1
el_progreso_primaria_table9.csv,DEPARTAMENTAL,1
escuintla_basico_table9.csv,CODIGO,1
escuintla_basico_table9.csv,DISTRITO,1
escuintla_basico_table9.csv,DEPARTAMENTO,1
escuintla_basico_table9.csv,MUNICIPIO,1
escuintla_basico_table9.csv,ESTABLECIMIENTO,1
escuintla_basico_table9.csv,DIRECCION,1
escuintla_basico_table9.csv,TELEFONO,2
escuintla_basico_table9.csv,SUPERVISOR,1
escuintla_basico_table9.csv,DIRECTOR,1
escuintla_basico_table9.csv,NIVEL,1
escuintla_basico_table9.csv,SECTOR,1
escuintla_basico_table9.csv,AREA,1
escuintla_basico_table9.csv,STATUS,1
escuintla_basico_table9.csv,MODALIDAD,1
escuintla_basico_table9.csv,JORNADA,1
escuintla_basico_table9.csv,PLAN,1
escuintla_basico_table9.csv,DEPARTAMENTAL,1
escuintla_diversificado_table9.csv,CODIGO,1
escuintla_diversificado_table9.csv,DISTRITO,1
escuintla_diversificado_table9.csv,DEPARTAMENTO,1
escuintla_diversificado_table9.csv,MUNICIPIO,1
escuintla_diversificado_table9.csv,ESTABLECIMIENTO,1
escuintla_diversificado_table9.csv,DIRECCION,1
escuintla_diversificado_table9.csv,TELEFONO,3
escuintla_diversificado_table9.csv,SUPERVISOR,1
escuintla_diversificado_table9.csv,DIRECTOR,2
escuintla_diversificado_table9.csv,NIVEL,1
escuintla_diversificado_table9.csv,SECTOR,1
escuintla_diversificado_table9.csv,AREA,1
escuintla_diversificado_table9.csv,STATUS,1
escuintla_diversificado_table9.csv,MODALIDAD,1
escuintla_diversificado_table9.csv,JORNADA,1
escuintla_diversificado_table9.csv,PLAN,1
escuintla_diversificado_table9.csv,DEPARTAMENTAL,1
escuintla_primaria_table9.csv,CODIGO,1
escuintla_primaria_table9.csv,DISTRITO,1
escuintla_primaria_table9.csv,DEPARTAMENTO,1
escuintla_primaria_table9.csv,MUNICIPIO,1
escuintla_primaria_table9.csv,ESTABLECIMIENTO,1
escuintla_primaria_table9.csv,DIRECCION,1
escuintla_primaria_table9.csv,TELEFONO,8
escuintla_primaria_table9.csv,SUPERVISOR,1
escuintla_primaria_table9.csv,DIRECTOR,2
escuintla_primaria_table9.csv,NIVEL,1
escuintla_primaria_table9.csv,SECTOR,1
escuintla_primaria_table9.csv,AREA,1
escuintla_primaria_table9.csv,STATUS,1
escuintla_primaria_table9.csv,MODALIDAD,1
escuintla_primaria_table9.csv,JORNADA,1
escuintla_primaria_table9.csv,PLAN,1
escuintla_primaria_table9.csv,DEPARTAMENTAL,1
guatemala_basico_table9.csv,CODIGO,1
guatemala_basico_table9.csv,DISTRITO,1
guatemala_basico_table9.csv,DEPARTAMENTO,1
guatemala_basico_table9.csv,MUNICIPIO,1
guatemala_basico_table9.csv,ESTABLECIMIENTO,1
guatemala_basico_table9.csv,DIRECCION,1
guatemala_basico_table9.csv,TELEFONO,11
guatemala_basico_table9.csv,SUPERVISOR,1
guatemala_basico_table9.csv,DIRECTOR,8
guatemala_basico_table9.csv,NIVEL,1
guatemala_basico_table9.csv,SECTOR,1
guatemala_basico_table9.csv,AREA,1
guatemala_basico_table9.csv,STATUS,1
guatemala_basico_table9.csv,MODALIDAD,1
guatemala_basico_table9.csv,JORNADA,1
guatemala_basico_table9.csv,PLAN,1
guatemala_basico_table9.csv,DEPARTAMENTAL,1
guatemala_diversificado_table9.csv,CODIGO,1
guatemala_diversificado_table9.csv,DISTRITO,1
guatemala_diversificado_table9.csv,DEPARTAMENTO,1
guatemala_diversificado_table9.csv,MUNICIPIO,1
guatemala_diversificado_table9.csv,ESTABLECIMIENTO,1
guatemala_diversificado_table9.csv,DIRECCION,1
guatemala_diversificado_table9.csv,TELEFONO,5
guatemala_diversificado_table9.csv,SUPERVISOR,1
guatemala_diversificado_table9.csv,DIRECTOR,3
guatemala_diversificado_table9.csv,NIVEL,1
guatemala_diversificado_table9.csv,SECTOR,1
guatemala_diversificado_table9.csv,AREA,1
guatemala_diversificado_table9.csv,STATUS,1
guatemala_diversificado_table9.csv,MODALIDAD,1
guatemala_diversificado_table9.csv,JORNADA,1
guatemala_diversificado_table9.csv,PLAN,1
guatemala_diversificado_table9.csv,DEPARTAMENTAL,1
guatemala_preprimaria_table9.csv,CODIGO,1
guatemala_preprimaria_table9.csv,DISTRITO,1
guatemala_preprimaria_table9.csv,DEPARTAMENTO,1
guatemala_preprimaria_table9.csv,MUNICIPIO,1
guatemala_preprimaria_table9.csv,ESTABLECIMIENTO,1
guatemala_preprimaria_table9.csv,DIRECCION,1
guatemala_preprimaria_table9.csv,TELEFONO,7
guatemala_preprimaria_table9.csv,SUPERVISOR,1
guatemala_preprimaria_table9.csv,DIRECTOR,1
guatemala_preprimaria_table9.csv,NIVEL,1
guatemala_preprimaria_table9.csv,SECTOR,1
guatemala_preprimaria_table9.csv,AREA,1
guatemala_preprimaria_table9.csv,STATUS,1
guatemala_preprimaria_table9.csv,MODALIDAD,1
guatemala_preprimaria_table9.csv,JORNADA,1
guatemala_preprimaria_table9.csv,PLAN,1
guatemala_preprimaria_table9.csv,DEPARTAMENTAL,1
guatemala_primaria_table9.csv,CODIGO,1
guatemala_primaria_table9.csv,DISTRITO,1
guatemala_primaria_table9.csv,DEPARTAMENTO,1
guatemala_primaria_table9.csv,MUNICIPIO,1
guatemala_primaria_table9.csv,ESTABLECIMIENTO,1
guatemala_primaria_table9.csv,DIRECCION,1
guatemala_primaria_table9.csv,TELEFONO,37
guatemala_primaria_table9.csv,SUPERVISOR,1
guatemala_primaria_table9.csv,DIRECTOR,9
guatemala_primaria_table9.csv,NIVEL,1
guatemala_primaria_table9.csv,SECTOR,1
guatemala_primaria_table9.csv,AREA,1
guatemala_primaria_table9.csv,STATUS,1
guatemala_primaria_table9.csv,MODALIDAD,1
guatemala_primaria_table9.csv,JORNADA,1
guatemala_primaria_table9.csv,PLAN,1
guatemala_primaria_table9.csv,DEPARTAMENTAL,1
huehuetenango_basico_table9.csv,CODIGO,1
huehuetenango_basico_table9.csv,DISTRITO,1
huehuetenango_basico_table9.csv,DEPARTAMENTO,1
huehuetenango_basico_table9.csv,MUNICIPIO,1
huehuetenango_basico_table9.csv,ESTABLECIMIENTO,1
huehuetenango_basico_table9.csv,DIRECCION,3
huehuetenango_basico_table9.csv,TELEFONO,7
huehuetenango_basico_table9.csv,SUPERVISOR,1
huehuetenango_basico_table9.csv,DIRECTOR,1
huehuetenango_basico_table9.csv,NIVEL,1
huehuetenango_basico_table9.csv,SECTOR,1
huehuetenango_basico_table9.csv,AREA,1
huehuetenango_basico_table9.csv,STATUS,1
huehuetenango_basico_table9.csv,MODALIDAD,1
huehuetenango_basico_table9.csv,JORNADA,1
huehuetenango_basico_table9.csv,PLAN,1
huehuetenango_basico_table9.csv,DEPARTAMENTAL,1
huehuetenango_diversificado_table9.csv,CODIGO,1
huehuetenango_diversificado_table9.csv,DISTRITO,1
huehuetenango_diversificado_table9.csv,DEPARTAMENTO,1
huehuetenango_diversificado_table9.csv,MUNICIPIO,1
huehuetenango_diversificado_table9.csv,ESTABLECIMIENTO,1
huehuetenango_diversificado_table9.csv,DIRECCION,1
huehuetenango_diversificado_table9.csv,TELEFONO,1
huehuetenango_diversificado_table9.csv,SUPERVISOR,1
huehuetenango_diversificado_table9.csv,DIRECTOR,1
huehuetenango_diversificado_table9.csv,NIVEL,1
huehuetenango_diversificado_table9.csv,SECTOR,1
huehuetenango_diversificado_table9.csv,AREA,1
huehuetenango_diversificado_table9.csv,STATUS,1
huehuetenango_diversificado_table9.csv,MODALIDAD,1
huehuetenango_diversificado_table9.csv,JORNADA,1
huehuetenango_diversificado_table9.csv,PLAN,1
huehuetenango_diversificado_table9.csv,DEPARTAMENTAL,1
huehuetenango_preprimaria_table9.csv,CODIGO,1
huehuetenango_preprimaria_table9.csv,DISTRITO,1
huehuetenango_preprimaria_table9.csv,DEPARTAMENTO,1
huehuetenango_preprimaria_table9.csv,MUNICIPIO,1
huehuetenango_preprimaria_table9.csv,ESTABLECIMIENTO,1
huehuetenango_preprimaria_table9.csv,DIRECCION,3
huehuetenango_preprimaria_table9.csv,TELEFONO,137
huehuetenango_preprimaria_table9.csv,SUPERVISOR,1
huehuetenango_preprimaria_table9.csv,DIRECTOR,1
huehuetenango_preprimaria_table9.csv,NIVEL,1
huehuetenango_preprimaria_table9.csv,SECTOR,1
huehuetenango_preprimaria_table9.csv,AREA,1
huehuetenango_preprimaria_table9.csv,STATUS,1
huehuetenango_preprimaria_table9.csv,MODALIDAD,1
huehuetenango_preprimaria_table9.csv,JORNADA,1
huehuetenango_preprimaria_table9.csv,PLAN,1
huehuetenango_preprimaria_table9.csv,DEPARTAMENTAL,1
huehuetenango_primaria_table9.csv,CODIGO,1
huehuetenango_primaria_table9.csv,DISTRITO,1
huehuetenango_primaria_table9.csv,DEPARTAMENTO,1
huehuetenango_primaria_table9.csv,MUNICIPIO,1
huehuetenango_primaria_table9.csv,ESTABLECIMIENTO,1
huehuetenango_primaria_table9.csv,DIRECCION,2
huehuetenango_primaria_table9.csv,TELEFONO,255
huehuetenango_primaria_table9.csv,SUPERVISOR,1
huehuetenango_primaria_table9.csv,DIRECTOR,4
huehuetenango_primaria_table9.csv,NIVEL,1
huehuetenango_primaria_table9.csv,SECTOR,1
huehuetenango_primaria_table9.csv,AREA,1
huehuetenango_primaria_table9.csv,STATUS,1
huehuetenango_primaria_table9.csv,MODALIDAD,1
huehuetenango_primaria_table9.csv,JORNADA,1
huehuetenango_primaria_table9.csv,PLAN,1
huehuetenango_primaria_table9.csv,DEPARTAMENTAL,1
izabal_basico_table9.csv,CODIGO,1
izabal_basico_table9.csv,DISTRITO,1
izabal_basico_table9.csv,DEPARTAMENTO,1
izabal_basico_table9.csv,MUNICIPIO,1
izabal_basico_table9.csv,ESTABLECIMIENTO,1
izabal_basico_table9.csv,DIRECCION,1
izabal_basico_table9.csv,TELEFONO,1
izabal_basico_table9.csv,SUPERVISOR,1
izabal_basico_table9.csv,DIRECTOR,1
izabal_basico_table9.csv,NIVEL,1
izabal_basico_table9.csv,SECTOR,1
izabal_basico_table9.csv,AREA,1
izabal_basico_table9.csv,STATUS,1
izabal_basico_table9.csv,MODALIDAD,1
izabal_basico_table9.csv,JORNADA,1
izabal_basico_table9.csv,PLAN,1
izabal_basico_table9.csv,DEPARTAMENTAL,1
izabal_diversificado_table9.csv,CODIGO,1
izabal_diversificado_table9.csv,DISTRITO,1
izabal_diversificado_table9.csv,DEPARTAMENTO,1
izabal_diversificado_table9.csv,MUNICIPIO,1
izabal_diversificado_table9.csv,ESTABLECIMIENTO,1
izabal_diversificado_table9.csv,DIRECCION,1
izabal_diversificado_table9.csv,TELEFONO,1
izabal_diversificado_table9.csv,SUPERVISOR,1
izabal_diversificado_table9.csv,DIRECTOR,1
izabal_diversificado_table9.csv,NIVEL,1
izabal_diversificado_table9.csv,SECTOR,1
izabal_diversificado_table9.csv,AREA,1
izabal_diversificado_table9.csv,STATUS,1
izabal_diversificado_table9.csv,MODALIDAD,1
izabal_diversificado_table9.csv,JORNADA,1
izabal_diversificado_table9.csv,PLAN,1
izabal_diversificado_table9.csv,DEPARTAMENTAL,1
izabal_preprimaria_table9.csv,CODIGO,1
izabal_preprimaria_table9.csv,DISTRITO,1
izabal_preprimaria_table9.csv,DEPARTAMENTO,1
izabal_preprimaria_table9.csv,MUNICIPIO,1
izabal_preprimaria_table9.csv,ESTABLECIMIENTO,1
izabal_preprimaria_table9.csv,DIRECCION,1
izabal_preprimaria_table9.csv,TELEFONO,7
izabal_preprimaria_table9.csv,SUPERVISOR,1
izabal_preprimaria_table9.csv,DIRECTOR,1
izabal_preprimaria_table9.csv,NIVEL,1
izabal_preprimaria_table9.csv,SECTOR,1
izabal_preprimaria_table9.csv,AREA,1
izabal_preprimaria_table9.csv,STATUS,1
izabal_preprimaria_table9.csv,MODALIDAD,1
izabal_preprimaria_table9.csv,JORNADA,1
izabal_preprimaria_table9.csv,PLAN,1
izabal_preprimaria_table9.csv,DEPARTAMENTAL,1
izabal_primaria_table9.csv,CODIGO,1
izabal_primaria_table9.csv,DISTRITO,1
izabal_primaria_table9.csv,DEPARTAMENTO,1
izabal_primaria_table9.csv,MUNICIPIO,1
izabal_primaria_table9.csv,ESTABLECIMIENTO,1
izabal_primaria_table9.csv,DIRECCION,1
izabal_primaria_table9.csv,TELEFONO,27
izabal_primaria_table9.csv,SUPERVISOR,1
izabal_primaria_table9.csv,DIRECTOR,1
izabal_primaria_table9.csv,NIVEL,1
izabal_primaria_table9.csv,SECTOR,1
izabal_primaria_table9.csv,AREA,1
izabal_primaria_table9.csv,STATUS,1
izabal_primaria_table9.csv,MODALIDAD,1
izabal_primaria_table9.csv,JORNADA,1
izabal_primaria_table9.csv,PLAN,1
izabal_primaria_table9.csv,DEPARTAMENTAL,1
jalapa_basico_table9.csv,CODIGO,1
jalapa_basico_table9.csv,DISTRITO,1
jalapa_basico_table9.csv,DEPARTAMENTO,1
jalapa_basico_table9.csv,MUNICIPIO,1
jalapa_basico_table9.csv,ESTABLECIMIENTO,1
jalapa_basico_table9.csv,DIRECCION,1
jalapa_basico_table9.csv,TELEFONO,3
jalapa_basico_table9.csv,SUPERVISOR,1
jalapa_basico_table9.csv,DIRECTOR,1
jalapa_basico_table9.csv,NIVEL,1
jalapa_basico_table9.csv,SECTOR,1
jalapa_basico_table9.csv,AREA,1
jalapa_basico_table9.csv,STATUS,1
jalapa_basico_table9.csv,MODALIDAD,1
jalapa_basico_table9.csv,JORNADA,1
jalapa_basico_table9.csv,PLAN,1
jalapa_basico_table9.csv,DEPARTAMENTAL,1
jalapa_diversificado_table9.csv,CODIGO,1
jalapa_diversificado_table9.csv,DISTRITO,1
jalapa_diversificado_table9.csv,DEPARTAMENTO,1
jalapa_diversificado_table9.csv,MUNICIPIO,1
jalapa_diversificado_table9.csv,ESTABLECIMIENTO,1
jalapa_diversificado_table9.csv,DIRECCION,1
jalapa_diversificado_table9.csv,TELEFONO,1
jalapa_diversificado_table9.csv,SUPERVISOR,1
jalapa_diversificado_table9.csv,DIRECTOR,1
jalapa_diversificado_table9.csv,NIVEL,1
jalapa_diversificado_table9.csv,SECTOR,1
jalapa_diversificado_table9.csv,AREA,1
jalapa_diversificado_table9.csv,STATUS,1
jalapa_diversificado_table9.csv,MODALIDAD,1
jalapa_diversificado_table9.csv,JORNADA,1
jalapa_diversificado_table9.csv,PLAN,1
jalapa_diversificado_table9.csv,DEPARTAMENTAL,1
jalapa_preprimaria_table9.csv,CODIGO,1
jalapa_preprimaria_table9.csv,DISTRITO,1
jalapa_preprimaria_table9.csv,DEPARTAMENTO,1
jalapa_preprimaria_table9.csv,MUNICIPIO,1
jalapa_preprimaria_table9.csv,ESTABLECIMIENTO,1
jalapa_preprimaria_table9.csv,DIRECCION,1
jalapa_preprimaria_table9.csv,TELEFONO,1
jalapa_preprimaria_table9.csv,SUPERVISOR,1
jalapa_preprimaria_table9.csv,DIRECTOR,1
jalapa_preprimaria_table9.csv,NIVEL,1
jalapa_preprimaria_table9.csv,SECTOR,1
jalapa_preprimaria_table9.csv,AREA,1
jalapa_preprimaria_table9.csv,STATUS,1
jalapa_preprimaria_table9.csv,MODALIDAD,1
jalapa_preprimaria_table9.csv,JORNADA,1
jalapa_preprimaria_table9.csv,PLAN,1
jalapa_preprimaria_table9.csv,DEPARTAMENTAL,1
jalapa_primaria_table9.csv,CODIGO,1
jalapa_primaria_table9.csv,DISTRITO,1
jalapa_primaria_table9.csv,DEPARTAMENTO,1
jalapa_primaria_table9.csv,MUNICIPIO,1
jalapa_primaria_table9.csv,ESTABLECIMIENTO,1
jalapa_primaria_table9.csv,DIRECCION,1
jalapa_primaria_table9.csv,TELEFONO,50
jalapa_primaria_table9.csv,SUPERVISOR,1
jalapa_primaria_table9.csv,DIRECTOR,3
jalapa_primaria_table9.csv,NIVEL,1
jalapa_primaria_table9.csv,SECTOR,1
jalapa_primaria_table9.csv,AREA,1
jalapa_primaria_table9.csv,STATUS,1
jalapa_primaria_table9.csv,MODALIDAD,1
jalapa_primaria_table9.csv,JORNADA,1
jalapa_primaria_table9.csv,PLAN,1
jalapa_primaria_table9.csv,DEPARTAMENTAL,1
jutiapa_basico_table9.csv,CODIGO,1
jutiapa_basico_table9.csv,DISTRITO,1
jutiapa_basico_table9.csv,DEPARTAMENTO,1
jutiapa_basico_table9.csv,MUNICIPIO,1
jutiapa_basico_table9.csv,ESTABLECIMIENTO,1
jutiapa_basico_table9.csv,DIRECCION,2
jutiapa_basico_table9.csv,TELEFONO,34
jutiapa_basico_table9.csv,SUPERVISOR,1
jutiapa_basico_table9.csv,DIRECTOR,6
jutiapa_basico_table9.csv,NIVEL,1
jutiapa_basico_table9.csv,SECTOR,1
jutiapa_basico_table9.csv,AREA,1
jutiapa_basico_table9.csv,STATUS,1
jutiapa_basico_table9.csv,MODALIDAD,1
jutiapa_basico_table9.csv,JORNADA,1
jutiapa_basico_table9.csv,PLAN,1
jutiapa_basico_table9.csv,DEPARTAMENTAL,1
jutiapa_diversificado_table9.csv,CODIGO,1
jutiapa_diversificado_table9.csv,DISTRITO,1
jutiapa_diversificado_table9.csv,DEPARTAMENTO,1
jutiapa_diversificado_table9.csv,MUNICIPIO,1
jutiapa_diversificado_table9.csv,ESTABLECIMIENTO,1
jutiapa_diversificado_table9.csv,DIRECCION,2
jutiapa_diversificado_table9.csv,TELEFONO,8
jutiapa_diversificado_table9.csv,SUPERVISOR,1
jutiapa_diversificado_table9.csv,DIRECTOR,8
jutiapa_diversificado_table9.csv,NIVEL,1
jutiapa_diversificado_table9.csv,SECTOR,1
jutiapa_diversificado_table9.csv,AREA,1
jutiapa_diversificado_table9.csv,STATUS,1
jutiapa_diversificado_table9.csv,MODALIDAD,1
jutiapa_diversificado_table9.csv,JORNADA,1
jutiapa_diversificado_table9.csv,PLAN,1
jutiapa_diversificado_table9.csv,DEPARTAMENTAL,1
jutiapa_preprimaria_table9.csv,DATOS DEL ESTABLECIMIENTO A LA FECHA,0
jutiapa_preprimaria_table9.csv,DATOS DEL ESTABLECIMIENTO A LA FECHA.1,0
jutiapa_primaria_table9.csv,CODIGO,1
jutiapa_primaria_table9.csv,DISTRITO,1
jutiapa_primaria_table9.csv,DEPARTAMENTO,1
jutiapa_primaria_table9.csv,MUNICIPIO,1
jutiapa_primaria_table9.csv,ESTABLECIMIENTO,1
jutiapa_primaria_table9.csv,DIRECCION,1
jutiapa_primaria_table9.csv,TELEFONO,268
jutiapa_primaria_table9.csv,SUPERVISOR,1
jutiapa_primaria_table9.csv,DIRECTOR,11
jutiapa_primaria_table9.csv,NIVEL,1
jutiapa_primaria_table9.csv,SECTOR,1
jutiapa_primaria_table9.csv,AREA,1
jutiapa_primaria_table9.csv,STATUS,1
jutiapa_primaria_table9.csv,MODALIDAD,1
jutiapa_primaria_table9.csv,JORNADA,1
jutiapa_primaria_table9.csv,PLAN,1
jutiapa_primaria_table9.csv,DEPARTAMENTAL,1
peten_basico_table9.csv,CODIGO,1
peten_basico_table9.csv,DISTRITO,1
peten_basico_table9.csv,DEPARTAMENTO,1
peten_basico_table9.csv,MUNICIPIO,1
peten_basico_table9.csv,ESTABLECIMIENTO,1
peten_basico_table9.csv,DIRECCION,1
peten_basico_table9.csv,TELEFONO,55
peten_basico_table9.csv,SUPERVISOR,1
peten_basico_table9.csv,DIRECTOR,1
peten_basico_table9.csv,NIVEL,1
peten_basico_table9.csv,SECTOR,1
peten_basico_table9.csv,AREA,1
peten_basico_table9.csv,STATUS,1
peten_basico_table9.csv,MODALIDAD,1
peten_basico_table9.csv,JORNADA,1
peten_basico_table9.csv,PLAN,1
peten_basico_table9.csv,DEPARTAMENTAL,1
peten_diversificado_table9.csv,CODIGO,1
peten_diversificado_table9.csv,DISTRITO,1
peten_diversificado_table9.csv,DEPARTAMENTO,1
peten_diversificado_table9.csv,MUNICIPIO,1
peten_diversificado_table9.csv,ESTABLECIMIENTO,1
peten_diversificado_table9.csv,DIRECCION,1
peten_diversificado_table9.csv,TELEFONO,3
peten_diversificado_table9.csv,SUPERVISOR,1
peten_diversificado_table9.csv,DIRECTOR,1
peten_diversificado_table9.csv,NIVEL,1
peten_diversificado_table9.csv,SECTOR,1
peten_diversificado_table9.csv,AREA,1
peten_diversificado_table9.csv,STATUS,1
peten_diversificado_table9.csv,MODALIDAD,1
peten_diversificado_table9.csv,JORNADA,1
peten_diversificado_table9.csv,PLAN,1
peten_diversificado_table9.csv,DEPARTAMENTAL,1
peten_preprimaria_table9.csv,CODIGO,1
peten_preprimaria_table9.csv,DISTRITO,1
peten_preprimaria_table9.csv,DEPARTAMENTO,1
peten_preprimaria_table9.csv,MUNICIPIO,1
peten_preprimaria_table9.csv,ESTABLECIMIENTO,1
peten_preprimaria_table9.csv,DIRECCION,1
peten_preprimaria_table9.csv,TELEFONO,19
peten_preprimaria_table9.csv,SUPERVISOR,1
peten_preprimaria_table9.csv,DIRECTOR,1
peten_preprimaria_table9.csv,NIVEL,1
peten_preprimaria_table9.csv,SECTOR,1
peten_preprimaria_table9.csv,AREA,1
peten_preprimaria_table9.csv,STATUS,1
peten_preprimaria_table9.csv,MODALIDAD,1
peten_preprimaria_table9.csv,JORNADA,1
peten_preprimaria_table9.csv,PLAN,1
peten_preprimaria_table9.csv,DEPARTAMENTAL,1
peten_primaria_table9.csv,CODIGO,1
peten_primaria_table9.csv,DISTRITO,1
peten_primaria_table9.csv,DEPARTAMENTO,1
peten_primaria_table9.csv,MUNICIPIO,1
peten_primaria_table9.csv,ESTABLECIMIENTO,1
peten_primaria_table9.csv,DIRECCION,1
peten_primaria_table9.csv,TELEFONO,311
peten_primaria_table9.csv,SUPERVISOR,1
peten_primaria_table9.csv,DIRECTOR,2
peten_primaria_table9.csv,NIVEL,1
peten_primaria_table9.csv,SECTOR,1
peten_primaria_table9.csv,AREA,1
peten_primaria_table9.csv,STATUS,1
peten_primaria_table9.csv,MODALIDAD,1
peten_primaria_table9.csv,JORNADA,1
peten_primaria_table9.csv,PLAN,1
peten_primaria_table9.csv,DEPARTAMENTAL,1
quetzaltenango_basico_table9.csv,CODIGO,1
quetzaltenango_basico_table9.csv,DISTRITO,1
quetzaltenango_basico_table9.csv,DEPARTAMENTO,1
quetzaltenango_basico_table9.csv,MUNICIPIO,1
quetzaltenango_basico_table9.csv,ESTABLECIMIENTO,1
quetzaltenango_basico_table9.csv,DIRECCION,1
quetzaltenango_basico_table9.csv,TELEFONO,24
quetzaltenango_basico_table9.csv,SUPERVISOR,1
quetzaltenango_basico_table9.csv,DIRECTOR,1
quetzaltenango_basico_table9.csv,NIVEL,1
quetzaltenango_basico_table9.csv,SECTOR,1
quetzaltenango_basico_table9.csv,AREA,1
quetzaltenango_basico_table9.csv,STATUS,1
quetzaltenango_basico_table9.csv,MODALIDAD,1
quetzaltenango_basico_table9.csv,JORNADA,1
quetzaltenango_basico_table9.csv,PLAN,1
quetzaltenango_basico_table9.csv,DEPARTAMENTAL,1
quetzaltenango_diversificado_table9.csv,CODIGO,1
quetzaltenango_diversificado_table9.csv,DISTRITO,1
quetzaltenango_diversificado_table9.csv,DEPARTAMENTO,1
quetzaltenango_diversificado_table9.csv,MUNICIPIO,1
quetzaltenango_diversificado_table9.csv,ESTABLECIMIENTO,1
quetzaltenango_diversificado_table9.csv,DIRECCION,1
quetzaltenango_diversificado_table9.csv,TELEFONO,1
quetzaltenango_diversificado_table9.csv,SUPERVISOR,1
quetzaltenango_diversificado_table9.csv,DIRECTOR,2
quetzaltenango_diversificado_table9.csv,NIVEL,1
quetzaltenango_diversificado_table9.csv,SECTOR,1
quetzaltenango_diversificado_table9.csv,AREA,1
quetzaltenango_diversificado_table9.csv,STATUS,1
quetzaltenango_diversificado_table9.csv,MODALIDAD,1
quetzaltenango_diversificado_table9.csv,JORNADA,1
quetzaltenango_diversificado_table9.csv,PLAN,1
quetzaltenango_diversificado_table9.csv,DEPARTAMENTAL,1
quetzaltenango_preprimaria_table9.csv,CODIGO,1
quetzaltenango_preprimaria_table9.csv,DISTRITO,1
quetzaltenango_preprimaria_table9.csv,DEPARTAMENTO,1
quetzaltenango_preprimaria_table9.csv,MUNICIPIO,1
quetzaltenango_preprimaria_table9.csv,ESTABLECIMIENTO,1
quetzaltenango_preprimaria_table9.csv,DIRECCION,1
quetzaltenango_preprimaria_table9.csv,TELEFONO,24
quetzaltenango_preprimaria_table9.csv,SUPERVISOR,1
quetzaltenango_preprimaria_table9.csv,DIRECTOR,1
quetzaltenango_preprimaria_table9.csv,NIVEL,1
quetzaltenango_preprimaria_table9.csv,SECTOR,1
quetzaltenango_preprimaria_table9.csv,AREA,1
quetzaltenango_preprimaria_table9.csv,STATUS,1
quetzaltenango_preprimaria_table9.csv,MODALIDAD,1
quetzaltenango_preprimaria_table9.csv,JORNADA,1
quetzaltenango_preprimaria_table9.csv,PLAN,1
quetzaltenango_preprimaria_table9.csv,DEPARTAMENTAL,1
quetzaltenango_primaria_table9.csv,CODIGO,1
quetzaltenango_primaria_table9.csv,DISTRITO,1
quetzaltenango_primaria_table9.csv,DEPARTAMENTO,1
quetzaltenango_primaria_table9.csv,MUNICIPIO,1
quetzaltenango_primaria_table9.csv,ESTABLECIMIENTO,1
quetzaltenango_primaria_table9.csv,DIRECCION,1
quetzaltenango_primaria_table9.csv,TELEFONO,87
quetzaltenango_primaria_table9.csv,SUPERVISOR,1
quetzaltenango_primaria_table9.csv,DIRECTOR,3
quetzaltenango_primaria_table9.csv,NIVEL,1
quetzaltenango_primaria_table9.csv,SECTOR,1
quetzaltenango_primaria_table9.csv,AREA,1
quetzaltenango_primaria_table9.csv,STATUS,1
quetzaltenango_primaria_table9.csv,MODALIDAD,1
quetzaltenango_primaria_table9.csv,JORNADA,1
quetzaltenango_primaria_table9.csv,PLAN,1
quetzaltenango_primaria_table9.csv,DEPARTAMENTAL,1
quiche_basico_table9.csv,CODIGO,1
quiche_basico_table9.csv,DISTRITO,1
quiche_basico_table9.csv,DEPARTAMENTO,1
quiche_basico_table9.csv,MUNICIPIO,1
quiche_basico_table9.csv,ESTABLECIMIENTO,1
quiche_basico_table9.csv,DIRECCION,1
quiche_basico_table9.csv,TELEFONO,36
quiche_basico_table9.csv,SUPERVISOR,1
quiche_basico_table9.csv,DIRECTOR,4
quiche_basico_table9.csv,NIVEL,1
quiche_basico_table9.csv,SECTOR,1
quiche_basico_table9.csv,AREA,1
quiche_basico_table9.csv,STATUS,1
quiche_basico_table9.csv,MODALIDAD,1
quiche_basico_table9.csv,JORNADA,1
quiche_basico_table9.csv,PLAN,1
quiche_basico_table9.csv,DEPARTAMENTAL,1
quiche_diversificado_table9.csv,CODIGO,1
quiche_diversificado_table9.csv,DISTRITO,1
quiche_diversificado_table9.csv,DEPARTAMENTO,1
quiche_diversificado_table9.csv,MUNICIPIO,1
quiche_diversificado_table9.csv,ESTABLECIMIENTO,1
quiche_diversificado_table9.csv,DIRECCION,1
quiche_diversificado_table9.csv,TELEFONO,1
quiche_diversificado_table9.csv,SUPERVISOR,1
quiche_diversificado_table9.csv,DIRECTOR,2
quiche_diversificado_table9.csv,NIVEL,1
quiche_diversificado_table9.csv,SECTOR,1
quiche_diversificado_table9.csv,AREA,1
quiche_diversificado_table9.csv,STATUS,1
quiche_diversificado_table9.csv,MODALIDAD,1
quiche_diversificado_table9.csv,JORNADA,1
quiche_diversificado_table9.csv,PLAN,1
quiche_diversificado_table9.csv,DEPARTAMENTAL,1
quiche_preprimaria_table9.csv,CODIGO,1
quiche_preprimaria_table9.csv,DISTRITO,1
quiche_preprimaria_table9.csv,DEPARTAMENTO,1
quiche_preprimaria_table9.csv,MUNICIPIO,1
quiche_preprimaria_table9.csv,ESTABLECIMIENTO,1
quiche_preprimaria_table9.csv,DIRECCION,1
quiche_preprimaria_table9.csv,TELEFONO,87
quiche_preprimaria_table9.csv,SUPERVISOR,1
quiche_preprimaria_table9.csv,DIRECTOR,1
quiche_preprimaria_table9.csv,NIVEL,1
quiche_preprimaria_table9.csv,SECTOR,1
quiche_preprimaria_table9.csv,AREA,1
quiche_preprimaria_table9.csv,STATUS,1
quiche_preprimaria_table9.csv,MODALIDAD,1
quiche_preprimaria_table9.csv,JORNADA,1
quiche_preprimaria_table9.csv,PLAN,1
quiche_preprimaria_table9.csv,DEPARTAMENTAL,1
quiche_primaria_table9.csv,CODIGO,1
quiche_primaria_table9.csv,DISTRITO,1
quiche_primaria_table9.csv,DEPARTAMENTO,1
quiche_primaria_table9.csv,MUNICIPIO,1
quiche_primaria_table9.csv,ESTABLECIMIENTO,1
quiche_primaria_table9.csv,DIRECCION,1
quiche_primaria_table9.csv,TELEFONO,335
quiche_primaria_table9.csv,SUPERVISOR,1
quiche_primaria_table9.csv,DIRECTOR,1
quiche_primaria_table9.csv,NIVEL,1
quiche_primaria_table9.csv,SECTOR,1
quiche_primaria_table9.csv,AREA,1
quiche_primaria_table9.csv,STATUS,1
quiche_primaria_table9.csv,MODALIDAD,1
quiche_primaria_table9.csv,JORNADA,1
quiche_primaria_table9.csv,PLAN,1
quiche_primaria_table9.csv,DEPARTAMENTAL,1
retalhuleu_basico_table9.csv,CODIGO,1
retalhuleu_basico_table9.csv,DISTRITO,1
retalhuleu_basico_table9.csv,DEPARTAMENTO,1
retalhuleu_basico_table9.csv,MUNICIPIO,1
retalhuleu_basico_table9.csv,ESTABLECIMIENTO,1
retalhuleu_basico_table9.csv,DIRECCION,1
retalhuleu_basico_table9.csv,TELEFONO,18
retalhuleu_basico_table9.csv,SUPERVISOR,1
retalhuleu_basico_table9.csv,DIRECTOR,15
retalhuleu_basico_table9.csv,NIVEL,1
retalhuleu_basico_table9.csv,SECTOR,1
retalhuleu_basico_table9.csv,AREA,1
retalhuleu_basico_table9.csv,STATUS,1
retalhuleu_basico_table9.csv,MODALIDAD,1
retalhuleu_basico_table9.csv,JORNADA,1
retalhuleu_basico_table9.csv,PLAN,1
retalhuleu_basico_table9.csv,DEPARTAMENTAL,1
retalhuleu_diversificado_table9.csv,CODIGO,1
retalhuleu_diversificado_table9.csv,DISTRITO,1
retalhuleu_diversificado_table9.csv,DEPARTAMENTO,1
retalhuleu_diversificado_table9.csv,MUNICIPIO,1
retalhuleu_diversificado_table9.csv,ESTABLECIMIENTO,1
retalhuleu_diversificado_table9.csv,DIRECCION,1
retalhuleu_diversificado_table9.csv,TELEFONO,9
retalhuleu_diversificado_table9.csv,SUPERVISOR,1
retalhuleu_diversificado_table9.csv,DIRECTOR,9
retalhuleu_diversificado_table9.csv,NIVEL,1
retalhuleu_diversificado_table9.csv,SECTOR,1
retalhuleu_diversificado_table9.csv,AREA,1
retalhuleu_diversificado_table9.csv,STATUS,1
retalhuleu_diversificado_table9.csv,MODALIDAD,1
retalhuleu_diversificado_table9.csv,JORNADA,1
retalhuleu_diversificado_table9.csv,PLAN,1
retalhuleu_diversificado_table9.csv,DEPARTAMENTAL,1
retalhuleu_preprimaria_table9.csv,CODIGO,1
retalhuleu_preprimaria_table9.csv,DISTRITO,1
retalhuleu_preprimaria_table9.csv,DEPARTAMENTO,1
retalhuleu_preprimaria_table9.csv,MUNICIPIO,1
retalhuleu_preprimaria_table9.csv,ESTABLECIMIENTO,1
retalhuleu_preprimaria_table9.csv,DIRECCION,1
retalhuleu_preprimaria_table9.csv,TELEFONO,2
retalhuleu_preprimaria_table9.csv,SUPERVISOR,1
retalhuleu_preprimaria_table9.csv,DIRECTOR,2
retalhuleu_preprimaria_table9.csv,NIVEL,1
retalhuleu_preprimaria_table9.csv,SECTOR,1
retalhuleu_preprimaria_table9.csv,AREA,1
retalhuleu_preprimaria_table9.csv,STATUS,1
retalhuleu_preprimaria_table9.csv,MODALIDAD,1
retalhuleu_preprimaria_table9.csv,JORNADA,1
retalhuleu_preprimaria_table9.csv,PLAN,1
retalhuleu_preprimaria_table9.csv,DEPARTAMENTAL,1
retalhuleu_primaria_table9.csv,CODIGO,1
retalhuleu_primaria_table9.csv,DISTRITO,1
retalhuleu_primaria_table9.csv,DEPARTAMENTO,1
retalhuleu_primaria_table9.csv,MUNICIPIO,1
retalhuleu_primaria_table9.csv,ESTABLECIMIENTO,1
retalhuleu_primaria_table9.csv,DIRECCION,1
retalhuleu_primaria_table9.csv,TELEFONO,21
retalhuleu_primaria_table9.csv,SUPERVISOR,1
retalhuleu_primaria_table9.csv,DIRECTOR,19
retalhuleu_primaria_table9.csv,NIVEL,1
retalhuleu_primaria_table9.csv,SECTOR,1
retalhuleu_primaria_table9.csv,AREA,1
retalhuleu_primaria_table9.csv,STATUS,1
retalhuleu_primaria_table9.csv,MODALIDAD,1
retalhuleu_primaria_table9.csv,JORNADA,1
retalhuleu_primaria_table9.csv,PLAN,1
retalhuleu_primaria_table9.csv,DEPARTAMENTAL,1
sacatepequez_basico_table9.csv,CODIGO,1
sacatepequez_basico_table9.csv,DISTRITO,1
sacatepequez_basico_table9.csv,DEPARTAMENTO,1
sacatepequez_basico_table9.csv,MUNICIPIO,1
sacatepequez_basico_table9.csv,ESTABLECIMIENTO,1
sacatepequez_basico_table9.csv,DIRECCION,1
sacatepequez_basico_table9.csv,TELEFONO,3
sacatepequez_basico_table9.csv,SUPERVISOR,1
sacatepequez_basico_table9.csv,DIRECTOR,1
sacatepequez_basico_table9.csv,NIVEL,1
sacatepequez_basico_table9.csv,SECTOR,1
sacatepequez_basico_table9.csv,AREA,1
sacatepequez_basico_table9.csv,STATUS,1
sacatepequez_basico_table9.csv,MODALIDAD,1
sacatepequez_basico_table9.csv,JORNADA,1
sacatepequez_basico_table9.csv,PLAN,1
sacatepequez_basico_table9.csv,DEPARTAMENTAL,1
sacatepequez_diversificado_table9.csv,CODIGO,1
sacatepequez_diversificado_table9.csv,DISTRITO,1
sacatepequez_diversificado_table9.csv,DEPARTAMENTO,1
sacatepequez_diversificado_table9.csv,MUNICIPIO,1
sacatepequez_diversificado_table9.csv,ESTABLECIMIENTO,1
sacatepequez_diversificado_table9.csv,DIRECCION,1
sacatepequez_diversificado_table9.csv,TELEFONO,1
sacatepequez_diversificado_table9.csv,SUPERVISOR,1
sacatepequez_diversificado_table9.csv,DIRECTOR,1
sacatepequez_diversificado_table9.csv,NIVEL,1
sacatepequez_diversificado_table9.csv,SECTOR,1
sacatepequez_diversificado_table9.csv,AREA,1
sacatepequez_diversificado_table9.csv,STATUS,1
sacatepequez_diversificado_table9.csv,MODALIDAD,1
sacatepequez_diversificado_table9.csv,JORNADA,1
sacatepequez_diversificado_table9.csv,PLAN,1
sacatepequez_diversificado_table9.csv,DEPARTAMENTAL,1
sacatepequez_preprimaria_table9.csv,CODIGO,1
sacatepequez_preprimaria_table9.csv,DISTRITO,1
sacatepequez_preprimaria_table9.csv,DEPARTAMENTO,1
sacatepequez_preprimaria_table9.csv,MUNICIPIO,1
sacatepequez_preprimaria_table9.csv,ESTABLECIMIENTO,1
sacatepequez_preprimaria_table9.csv,DIRECCION,1
sacatepequez_preprimaria_table9.csv,TELEFONO,8
sacatepequez_preprimaria_table9.csv,SUPERVISOR,1
sacatepequez_preprimaria_table9.csv,DIRECTOR,1
sacatepequez_preprimaria_table9.csv,NIVEL,1
sacatepequez_preprimaria_table9.csv,SECTOR,1
sacatepequez_preprimaria_table9.csv,AREA,1
sacatepequez_preprimaria_table9.csv,STATUS,1
sacatepequez_preprimaria_table9.csv,MODALIDAD,1
sacatepequez_preprimaria_table9.csv,JORNADA,1
sacatepequez_preprimaria_table9.csv,PLAN,1
sacatepequez_preprimaria_table9.csv,DEPARTAMENTAL,1
sacatepequez_primaria_table9.csv,CODIGO,1
sacatepequez_primaria_table9.csv,DISTRITO,1
sacatepequez_primaria_table9.csv,DEPARTAMENTO,1
sacatepequez_primaria_table9.csv,MUNICIPIO,1
sacatepequez_primaria_table9.csv,ESTABLECIMIENTO,1
sacatepequez_primaria_table9.csv,DIRECCION,1
sacatepequez_primaria_table9.csv,TELEFONO,18
sacatepequez_primaria_table9.csv,SUPERVISOR,1
sacatepequez_primaria_table9.csv,DIRECTOR,1
sacatepequez_primaria_table9.csv,NIVEL,1
sacatepequez_primaria_table9.csv,SECTOR,1
sacatepequez_primaria_table9.csv,AREA,1
sacatepequez_primaria_table9.csv,STATUS,1
sacatepequez_primaria_table9.csv,MODALIDAD,1
sacatepequez_primaria_table9.csv,JORNADA,1
sacatepequez_primaria_table9.csv,PLAN,1
sacatepequez_primaria_table9.csv,DEPARTAMENTAL,1
santa_rosa_basico_table9.csv,CODIGO,1
santa_rosa_basico_table9.csv,DISTRITO,1
santa_rosa_basico_table9.csv,DEPARTAMENTO,1
santa_rosa_basico_table9.csv,MUNICIPIO,1
santa_rosa_basico_table9.csv,ESTABLECIMIENTO,1
santa_rosa_basico_table9.csv,DIRECCION,1
santa_rosa_basico_table9.csv,TELEFONO,12
santa_rosa_basico_table9.csv,SUPERVISOR,1
santa_rosa_basico_table9.csv,DIRECTOR,1
santa_rosa_basico_table9.csv,NIVEL,1
santa_rosa_basico_table9.csv,SECTOR,1
santa_rosa_basico_table9.csv,AREA,1
santa_rosa_basico_table9.csv,STATUS,1
santa_rosa_basico_table9.csv,MODALIDAD,1
santa_rosa_basico_table9.csv,JORNADA,1
santa_rosa_basico_table9.csv,PLAN,1
santa_rosa_basico_table9.csv,DEPARTAMENTAL,1
santa_rosa_diversificado_table9.csv,CODIGO,1
santa_rosa_diversificado_table9.csv,DISTRITO,1
santa_rosa_diversificado_table9.csv,DEPARTAMENTO,1
santa_rosa_diversificado_table9.csv,MUNICIPIO,1
santa_rosa_diversificado_table9.csv,ESTABLECIMIENTO,1
santa_rosa_diversificado_table9.csv,DIRECCION,2
santa_rosa_diversificado_table9.csv,TELEFONO,2
santa_rosa_diversificado_table9.csv,SUPERVISOR,1
santa_rosa_diversificado_table9.csv,DIRECTOR,1
santa_rosa_diversificado_table9.csv,NIVEL,1
santa_rosa_diversificado_table9.csv,SECTOR,1
santa_rosa_diversificado_table9.csv,AREA,1
santa_rosa_diversificado_table9.csv,STATUS,1
santa_rosa_diversificado_table9.csv,MODALIDAD,1
santa_rosa_diversificado_table9.csv,JORNADA,1
santa_rosa_diversificado_table9.csv,PLAN,1
santa_rosa_diversificado_table9.csv,DEPARTAMENTAL,1
santa_rosa_preprimaria_table9.csv,CODIGO,1
santa_rosa_preprimaria_table9.csv,DISTRITO,1
santa_rosa_preprimaria_table9.csv,DEPARTAMENTO,1
santa_rosa_preprimaria_table9.csv,MUNICIPIO,1
santa_rosa_preprimaria_table9.csv,ESTABLECIMIENTO,1
santa_rosa_preprimaria_table9.csv,DIRECCION,1
santa_rosa_preprimaria_table9.csv,TELEFONO,1
santa_rosa_preprimaria_table9.csv,SUPERVISOR,1
santa_rosa_preprimaria_table9.csv,DIRECTOR,1
santa_rosa_preprimaria_table9.csv,NIVEL,1
santa_rosa_preprimaria_table9.csv,SECTOR,1
santa_rosa_preprimaria_table9.csv,AREA,1
santa_rosa_preprimaria_table9.csv,STATUS,1
santa_rosa_preprimaria_table9.csv,MODALIDAD,1
santa_rosa_preprimaria_table9.csv,JORNADA,1
santa_rosa_preprimaria_table9.csv,PLAN,1
santa_rosa_preprimaria_table9.csv,DEPARTAMENTAL,1
santa_rosa_primaria_table9.csv,CODIGO,1
santa_rosa_primaria_table9.csv,DISTRITO,1
santa_rosa_primaria_table9.csv,DEPARTAMENTO,1
santa_rosa_primaria_table9.csv,MUNICIPIO,1
santa_rosa_primaria_table9.csv,ESTABLECIMIENTO,1
santa_rosa_primaria_table9.csv,DIRECCION,1
santa_rosa_primaria_table9.csv,TELEFONO,225
santa_rosa_primaria_table9.csv,SUPERVISOR,1
santa_rosa_primaria_table9.csv,DIRECTOR,2
santa_rosa_primaria_table9.csv,NIVEL,1
santa_rosa_primaria_table9.csv,SECTOR,1
santa_rosa_primaria_table9.csv,AREA,1
santa_rosa_primaria_table9.csv,STATUS,1
santa_rosa_primaria_table9.csv,MODALIDAD,1
santa_rosa_primaria_table9.csv,JORNADA,1
santa_rosa_primaria_table9.csv,PLAN,1
santa_rosa_primaria_table9.csv,DEPARTAMENTAL,1
san_marcos_basico_table9.csv,CODIGO,1
san_marcos_basico_table9.csv,DISTRITO,1
san_marcos_basico_table9.csv,DEPARTAMENTO,1
san_marcos_basico_table9.csv,MUNICIPIO,1
san_marcos_basico_table9.csv,ESTABLECIMIENTO,1
san_marcos_basico_table9.csv,DIRECCION,4
san_marcos_basico_table9.csv,TELEFONO,52
san_marcos_basico_table9.csv,SUPERVISOR,1
san_marcos_basico_table9.csv,DIRECTOR,1
san_marcos_basico_table9.csv,NIVEL,1
san_marcos_basico_table9.csv,SECTOR,1
san_marcos_basico_table9.csv,AREA,1
san_marcos_basico_table9.csv,STATUS,1
san_marcos_basico_table9.csv,MODALIDAD,1
san_marcos_basico_table9.csv,JORNADA,1
san_marcos_basico_table9.csv,PLAN,1
san_marcos_basico_table9.csv,DEPARTAMENTAL,1
san_marcos_diversificado_table9.csv,CODIGO,1
san_marcos_diversificado_table9.csv,DISTRITO,1
san_marcos_diversificado_table9.csv,DEPARTAMENTO,1
san_marcos_diversificado_table9.csv,MUNICIPIO,1
san_marcos_diversificado_table9.csv,ESTABLECIMIENTO,1
san_marcos_diversificado_table9.csv,DIRECCION,1
san_marcos_diversificado_table9.csv,TELEFONO,4
san_marcos_diversificado_table9.csv,SUPERVISOR,1
san_marcos_diversificado_table9.csv,DIRECTOR,1
san_marcos_diversificado_table9.csv,NIVEL,1
san_marcos_diversificado_table9.csv,SECTOR,1
san_marcos_diversificado_table9.csv,AREA,1
san_marcos_diversificado_table9.csv,STATUS,1
san_marcos_diversificado_table9.csv,MODALIDAD,1
san_marcos_diversificado_table9.csv,JORNADA,1
san_marcos_diversificado_table9.csv,PLAN,1
san_marcos_diversificado_table9.csv,DEPARTAMENTAL,1
san_marcos_preprimaria_table9.csv,CODIGO,1
san_marcos_preprimaria_table9.csv,DISTRITO,1
san_marcos_preprimaria_table9.csv,DEPARTAMENTO,1
san_marcos_preprimaria_table9.csv,MUNICIPIO,1
san_marcos_preprimaria_table9.csv,ESTABLECIMIENTO,1
san_marcos_preprimaria_table9.csv,DIRECCION,1
san_marcos_preprimaria_table9.csv,TELEFONO,12
san_marcos_preprimaria_table9.csv,SUPERVISOR,1
san_marcos_preprimaria_table9.csv,DIRECTOR,1
san_marcos_preprimaria_table9.csv,NIVEL,1
san_marcos_preprimaria_table9.csv,SECTOR,1
san_marcos_preprimaria_table9.csv,AREA,1
san_marcos_preprimaria_table9.csv,STATUS,1
san_marcos_preprimaria_table9.csv,MODALIDAD,1
san_marcos_preprimaria_table9.csv,JORNADA,1
san_marcos_preprimaria_table9.csv,PLAN,1
san_marcos_preprimaria_table9.csv,DEPARTAMENTAL,1
san_marcos_primaria_table9.csv,CODIGO,1
san_marcos_primaria_table9.csv,DISTRITO,1
san_marcos_primaria_table9.csv,DEPARTAMENTO,1
san_marcos_primaria_table9.csv,MUNICIPIO,1
san_marcos_primaria_table9.csv,ESTABLECIMIENTO,1
san_marcos_primaria_table9.csv,DIRECCION,7
san_marcos_primaria_table9.csv,TELEFONO,219
san_marcos_primaria_table9.csv,SUPERVISOR,1
san_marcos_primaria_table9.csv,DIRECTOR,2
san_marcos_primaria_table9.csv,NIVEL,1
san_marcos_primaria_table9.csv,SECTOR,1
san_marcos_primaria_table9.csv,AREA,1
san_marcos_primaria_table9.csv,STATUS,1
san_marcos_primaria_table9.csv,MODALIDAD,1
san_marcos_primaria_table9.csv,JORNADA,1
san_marcos_primaria_table9.csv,PLAN,1
san_marcos_primaria_table9.csv,DEPARTAMENTAL,1
solola_basico_table9.csv,CODIGO,1
solola_basico_table9.csv,DISTRITO,1
solola_basico_table9.csv,DEPARTAMENTO,1
solola_basico_table9.csv,MUNICIPIO,1
solola_basico_table9.csv,ESTABLECIMIENTO,1
solola_basico_table9.csv,DIRECCION,2
solola_basico_table9.csv,TELEFONO,7
solola_basico_table9.csv,SUPERVISOR,1
solola_basico_table9.csv,DIRECTOR,1
solola_basico_table9.csv,NIVEL,1
solola_basico_table9.csv,SECTOR,1
solola_basico_table9.csv,AREA,1
solola_basico_table9.csv,STATUS,1
solola_basico_table9.csv,MODALIDAD,1
solola_basico_table9.csv,JORNADA,1
solola_basico_table9.csv,PLAN,1
solola_basico_table9.csv,DEPARTAMENTAL,1
solola_diversificado_table9.csv,CODIGO,1
solola_diversificado_table9.csv,DISTRITO,1
solola_diversificado_table9.csv,DEPARTAMENTO,1
solola_diversificado_table9.csv,MUNICIPIO,1
solola_diversificado_table9.csv,ESTABLECIMIENTO,1
solola_diversificado_table9.csv,DIRECCION,1
solola_diversificado_table9.csv,TELEFONO,1
solola_diversificado_table9.csv,SUPERVISOR,1
solola_diversificado_table9.csv,DIRECTOR,1
solola_diversificado_table9.csv,NIVEL,1
solola_diversificado_table9.csv,SECTOR,1
solola_diversificado_table9.csv,AREA,1
solola_diversificado_table9.csv,STATUS,1
solola_diversificado_table9.csv,MODALIDAD,1
solola_diversificado_table9.csv,JORNADA,1
solola_diversificado_table9.csv,PLAN,1
solola_diversificado_table9.csv,DEPARTAMENTAL,1
solola_preprimaria_table9.csv,CODIGO,1
solola_preprimaria_table9.csv,DISTRITO,1
solola_preprimaria_table9.csv,DEPARTAMENTO,1
solola_preprimaria_table9.csv,MUNICIPIO,1
solola_preprimaria_table9.csv,ESTABLECIMIENTO,1
solola_preprimaria_table9.csv,DIRECCION,1
solola_preprimaria_table9.csv,TELEFONO,37
solola_preprimaria_table9.csv,SUPERVISOR,1
solola_preprimaria_table9.csv,DIRECTOR,2
solola_preprimaria_table9.csv,NIVEL,1
solola_preprimaria_table9.csv,SECTOR,1
solola_preprimaria_table9.csv,AREA,1
solola_preprimaria_table9.csv,STATUS,1
solola_preprimaria_table9.csv,MODALIDAD,1
solola_preprimaria_table9.csv,JORNADA,1
solola_preprimaria_table9.csv,PLAN,1
solola_preprimaria_table9.csv,DEPARTAMENTAL,1
solola_primaria_table9.csv,CODIGO,1
solola_primaria_table9.csv,DISTRITO,1
solola_primaria_table9.csv,DEPARTAMENTO,1
solola_primaria_table9.csv,MUNICIPIO,1
solola_primaria_table9.csv,ESTABLECIMIENTO,1
solola_primaria_table9.csv,DIRECCION,1
solola_primaria_table9.csv,TELEFONO,22
solola_primaria_table9.csv,SUPERVISOR,1
solola_primaria_table9.csv,DIRECTOR,1
solola_primaria_table9.csv,NIVEL,1
solola_primaria_table9.csv,SECTOR,1
solola_primaria_table9.csv,AREA,1
solola_primaria_table9.csv,STATUS,1
solola_primaria_table9.csv,MODALIDAD,1
solola_primaria_table9.csv,JORNADA,1
solola_primaria_table9.csv,PLAN,1
solola_primaria_table9.csv,DEPARTAMENTAL,1
suchitepequez_basico_table9.csv,CODIGO,1
suchitepequez_basico_table9.csv,DISTRITO,1
suchitepequez_basico_table9.csv,DEPARTAMENTO,1
suchitepequez_basico_table9.csv,MUNICIPIO,1
suchitepequez_basico_table9.csv,ESTABLECIMIENTO,1
suchitepequez_basico_table9.csv,DIRECCION,2
suchitepequez_basico_table9.csv,TELEFONO,14
suchitepequez_basico_table9.csv,SUPERVISOR,1
suchitepequez_basico_table9.csv,DIRECTOR,1
suchitepequez_basico_table9.csv,NIVEL,1
suchitepequez_basico_table9.csv,SECTOR,1
suchitepequez_basico_table9.csv,AREA,1
suchitepequez_basico_table9.csv,STATUS,1
suchitepequez_basico_table9.csv,MODALIDAD,1
suchitepequez_basico_table9.csv,JORNADA,1
suchitepequez_basico_table9.csv,PLAN,1
suchitepequez_basico_table9.csv,DEPARTAMENTAL,1
suchitepequez_diversificado_table9.csv,CODIGO,1
suchitepequez_diversificado_table9.csv,DISTRITO,1
suchitepequez_diversificado_table9.csv,DEPARTAMENTO,1
suchitepequez_diversificado_table9.csv,MUNICIPIO,1
suchitepequez_diversificado_table9.csv,ESTABLECIMIENTO,1
suchitepequez_diversificado_table9.csv,DIRECCION,1
suchitepequez_diversificado_table9.csv,TELEFONO,4
suchitepequez_diversificado_table9.csv,SUPERVISOR,1
suchitepequez_diversificado_table9.csv,DIRECTOR,1
suchitepequez_diversificado_table9.csv,NIVEL,1
suchitepequez_diversificado_table9.csv,SECTOR,1
suchitepequez_diversificado_table9.csv,AREA,1
suchitepequez_diversificado_table9.csv,STATUS,1
suchitepequez_diversificado_table9.csv,MODALIDAD,1
suchitepequez_diversificado_table9.csv,JORNADA,1
suchitepequez_diversificado_table9.csv,PLAN,1
suchitepequez_diversificado_table9.csv,DEPARTAMENTAL,1
suchitepequez_preprimaria_table9.csv,CODIGO,1
suchitepequez_preprimaria_table9.csv,DISTRITO,1
suchitepequez_preprimaria_table9.csv,DEPARTAMENTO,1
suchitepequez_preprimaria_table9.csv,MUNICIPIO,1
suchitepequez_preprimaria_table9.csv,ESTABLECIMIENTO,1
suchitepequez_preprimaria_table9.csv,DIRECCION,1
suchitepequez_preprimaria_table9.csv,TELEFONO,1
suchitepequez_preprimaria_table9.csv,SUPERVISOR,1
suchitepequez_preprimaria_table9.csv,DIRECTOR,1
suchitepequez_preprimaria_table9.csv,NIVEL,1
suchitepequez_preprimaria_table9.csv,SECTOR,1
suchitepequez_preprimaria_table9.csv,AREA,1
suchitepequez_preprimaria_table9.csv,STATUS,1
suchitepequez_preprimaria_table9.csv,MODALIDAD,1
suchitepequez_preprimaria_table9.csv,JORNADA,1
suchitepequez_preprimaria_table9.csv,PLAN,1
suchitepequez_preprimaria_table9.csv,DEPARTAMENTAL,1
suchitepequez_primaria_table9.csv,CODIGO,1
suchitepequez_primaria_table9.csv,DISTRITO,1
suchitepequez_primaria_table9.csv,DEPARTAMENTO,1
suchitepequez_primaria_table9.csv,MUNICIPIO,1
suchitepequez_primaria_table9.csv,ESTABLECIMIENTO,1
suchitepequez_primaria_table9.csv,DIRECCION,5
suchitepequez_primaria_table9.csv,TELEFONO,32
suchitepequez_primaria_table9.csv,SUPERVISOR,1
suchitepequez_primaria_table9.csv,DIRECTOR,3
suchitepequez_primaria_table9.csv,NIVEL,1
suchitepequez_primaria_table9.csv,SECTOR,1
suchitepequez_primaria_table9.csv,AREA,1
suchitepequez_primaria_table9.csv,STATUS,1
suchitepequez_primaria_table9.csv,MODALIDAD,1
suchitepequez_primaria_table9.csv,JORNADA,1
suchitepequez_primaria_table9.csv,PLAN,1
suchitepequez_primaria_table9.csv,DEPARTAMENTAL,1
totonicapan_basico_table9.csv,CODIGO,1
totonicapan_basico_table9.csv,DISTRITO,1
totonicapan_basico_table9.csv,DEPARTAMENTO,1
totonicapan_basico_table9.csv,MUNICIPIO,1
totonicapan_basico_table9.csv,ESTABLECIMIENTO,1
totonicapan_basico_table9.csv,DIRECCION,1
totonicapan_basico_table9.csv,TELEFONO,2
totonicapan_basico_table9.csv,SUPERVISOR,1
totonicapan_basico_table9.csv,DIRECTOR,1
totonicapan_basico_table9.csv,NIVEL,1
totonicapan_basico_table9.csv,SECTOR,1
totonicapan_basico_table9.csv,AREA,1
totonicapan_basico_table9.csv,STATUS,1
totonicapan_basico_table9.csv,MODALIDAD,1
totonicapan_basico_table9.csv,JORNADA,1
totonicapan_basico_table9.csv,PLAN,1
totonicapan_basico_table9.csv,DEPARTAMENTAL,1
totonicapan_diversificado_table9.csv,CODIGO,1
totonicapan_diversificado_table9.csv,DISTRITO,1
totonicapan_diversificado_table9.csv,DEPARTAMENTO,1
totonicapan_diversificado_table9.csv,MUNICIPIO,1
totonicapan_diversificado_table9.csv,ESTABLECIMIENTO,1
totonicapan_diversificado_table9.csv,DIRECCION,1
totonicapan_diversificado_table9.csv,TELEFONO,1
totonicapan_diversificado_table9.csv,SUPERVISOR,1
totonicapan_diversificado_table9.csv,DIRECTOR,1
totonicapan_diversificado_table9.csv,NIVEL,1
totonicapan_diversificado_table9.csv,SECTOR,1
totonicapan_diversificado_table9.csv,AREA,1
totonicapan_diversificado_table9.csv,STATUS,1
totonicapan_diversificado_table9.csv,MODALIDAD,1
totonicapan_diversificado_table9.csv,JORNADA,1
totonicapan_diversificado_table9.csv,PLAN,1
totonicapan_diversificado_table9.csv,DEPARTAMENTAL,1
totonicapan_preprimaria_table9.csv,CODIGO,1
totonicapan_preprimaria_table9.csv,DISTRITO,1
totonicapan_preprimaria_table9.csv,DEPARTAMENTO,1
totonicapan_preprimaria_table9.csv,MUNICIPIO,1
totonicapan_preprimaria_table9.csv,ESTABLECIMIENTO,1
totonicapan_preprimaria_table9.csv,DIRECCION,1
totonicapan_preprimaria_table9.csv,TELEFONO,19
totonicapan_preprimaria_table9.csv,SUPERVISOR,1
totonicapan_preprimaria_table9.csv,DIRECTOR,1
totonicapan_preprimaria_table9.csv,NIVEL,1
totonicapan_preprimaria_table9.csv,SECTOR,1
totonicapan_preprimaria_table9.csv,AREA,1
totonicapan_preprimaria_table9.csv,STATUS,1
totonicapan_preprimaria_table9.csv,MODALIDAD,1
totonicapan_preprimaria_table9.csv,JORNADA,1
totonicapan_preprimaria_table9.csv,PLAN,1
totonicapan_preprimaria_table9.csv,DEPARTAMENTAL,1
totonicapan_primaria_table9.csv,CODIGO,1
totonicapan_primaria_table9.csv,DISTRITO,1
totonicapan_primaria_table9.csv,DEPARTAMENTO,1
totonicapan_primaria_table9.csv,MUNICIPIO,1
totonicapan_primaria_table9.csv,ESTABLECIMIENTO,1
totonicapan_primaria_table9.csv,DIRECCION,1
totonicapan_primaria_table9.csv,TELEFONO,13
totonicapan_primaria_table9.csv,SUPERVISOR,1
totonicapan_primaria_table9.csv,DIRECTOR,1
totonicapan_primaria_table9.csv,NIVEL,1
totonicapan_primaria_table9.csv,SECTOR,1
totonicapan_primaria_table9.csv,AREA,1
totonicapan_primaria_table9.csv,STATUS,1
totonicapan_primaria_table9.csv,MODALIDAD,1
totonicapan_primaria_table9.csv,JORNADA,1
totonicapan_primaria_table9.csv,PLAN,1
totonicapan_primaria_table9.csv,DEPARTAMENTAL,1
zacapa_basico_table9.csv,CODIGO,1
zacapa_basico_table9.csv,DISTRITO,1
zacapa_basico_table9.csv,DEPARTAMENTO,1
zacapa_basico_table9.csv,MUNICIPIO,1
zacapa_basico_table9.csv,ESTABLECIMIENTO,1
zacapa_basico_table9.csv,DIRECCION,1
zacapa_basico_table9.csv,TELEFONO,1
zacapa_basico_table9.csv,SUPERVISOR,1
zacapa_basico_table9.csv,DIRECTOR,1
zacapa_basico_table9.csv,NIVEL,1
zacapa_basico_table9.csv,SECTOR,1
zacapa_basico_table9.csv,AREA,1
zacapa_basico_table9.csv,STATUS,1
zacapa_basico_table9.csv,MODALIDAD,1
zacapa_basico_table9.csv,JORNADA,1
zacapa_basico_table9.csv,PLAN,1
zacapa_basico_table9.csv,DEPARTAMENTAL,1
zacapa_diversificado_table9.csv,CODIGO,1
zacapa_diversificado_table9.csv,DISTRITO,1
zacapa_diversificado_table9.csv,DEPARTAMENTO,1
zacapa_diversificado_table9.csv,MUNICIPIO,1
zacapa_diversificado_table9.csv,ESTABLECIMIENTO,1
zacapa_diversificado_table9.csv,DIRECCION,1
zacapa_diversificado_table9.csv,TELEFONO,1
zacapa_diversificado_table9.csv,SUPERVISOR,1
zacapa_diversificado_table9.csv,DIRECTOR,1
zacapa_diversificado_table9.csv,NIVEL,1
zacapa_diversificado_table9.csv,SECTOR,1
zacapa_diversificado_table9.csv,AREA,1
zacapa_diversificado_table9.csv,STATUS,1
zacapa_diversificado_table9.csv,MODALIDAD,1
zacapa_diversificado_table9.csv,JORNADA,1
zacapa_diversificado_table9.csv,PLAN,1
zacapa_diversificado_table9.csv,DEPARTAMENTAL,1
zacapa_primaria_table9.csv,CODIGO,1
zacapa_primaria_table9.csv,DISTRITO,1
zacapa_primaria_table9.csv,DEPARTAMENTO,1
zacapa_primaria_table9.csv,MUNICIPIO,1
zacapa_primaria_table9.csv,ESTABLECIMIENTO,1
zacapa_primaria_table9.csv,DIRECCION,1
zacapa_primaria_table9.csv,TELEFONO,4
zacapa_primaria_table9.csv,SUPERVISOR,1
zacapa_primaria_table9.csv,DIRECTOR,1
zacapa_primaria_table9.csv,NIVEL,1
zacapa_primaria_table9.csv,SECTOR,1
zacapa_primaria_table9.csv,AREA,1
zacapa_primaria_table9.csv,STATUS,1
zacapa_primaria_table9.csv,MODALIDAD,1
zacapa_primaria_table9.csv,JORNADA,1
zacapa_primaria_table9.csv,PLAN,1
zacapa_primaria_table9.csv,DEPARTAMENTAL,1
